PDBID,Ligand chain,Ligand CCD,Ligand residue sequence number
2xcg,A,XCG,602
2xfn,A,XCG,1501
2xfo,A,XCG,1504
2xfp,A,XCG,602
2xfq,A,XCG,602
4a79,A,P1B,601
2v5z,A,SAG,601
2c65,A,4CR,601
2pit,A,4HY,933
2pkl,A,4HY,932
2qpy,A,4HY,1
2vd4,A,P21,1454
2zmf,A,CMP,2001
2jc9,A,ADN,1497
2xcw,A,ATP,1489
2xjc,A,B4P,1490
2xjd,A,ATP,1489
2xje,A,ATP,1490
2xjf,A,DG2,1489
1ygc,H,905,1
3f1o,A,2XY,1
3h82,A,020,351
4ghi,A,0X3,401
1xdd,A,AAY,401
1xuo,A,LA1,401
2ica,A,2IC,1
2o7n,A,2O7,1
3bqm,B,BQM,1
3f78,A,ICF,1
3m6f,A,BJZ,1
2uyi,A,K02,604
2uym,A,K03,604
2wog,A,ZZD,1365
2x2r,A,X2O,1367
2x7c,A,KZ9,1365
2x7d,A,EGB,1369
2x7e,A,X7E,1365
3zcw,A,4A2,1366
4as7,A,6LX,1375
3l9h,A,EMQ,601
2gm1,A,2AZ,371
3k5e,A,K5E,369
3cjo,A,K30,1
3u18,A,Y0X,999
4aqh,A,TB7,1380
3smq,A,TDU,1
4hsg,A,KTD,601
1t49,A,892,301
1t48,A,BB3,299
2bxa,A,C1F,2001
1bm7,A,FLF,501
1eta,1,T44,128
1etb,1,T44,128
1z7j,A,T4A,128
2b14,A,DNF,128
2qgc,A,MR4,128
2qgd,A,MR5,200
3b56,A,DIU,2000
3cn1,A,LJ2,128
3cn3,A,LJ4,128
3esn,A,DZ1,128
3eso,A,DZ2,128
3esp,A,DZ3,128
3fc8,A,IFA,3000
3fcb,A,IFB,3000
3ims,A,IW2,128
3imt,A,IW3,128
3imu,A,IW4,128
3imv,A,IW5,128
3imw,A,IW6,128
3m1o,A,CJZ,128
3nes,A,B72,1
3nex,A,G24,126
3p3s,A,3M2,128
3p3t,A,3M3,128
3tct,A,3MI,128
4deu,A,NAR,205
4hiq,A,16V,201
4his,A,3MI,201
4hju,A,16L,201
4i85,A,H50,201
4i87,A,H50,201
4ikj,A,SUZ,201
4ikk,A,SUZ,201
4ikl,A,SUZ,201
4l1t,A,1WZ,201
4mas,A,PCQ,201
4n87,A,GBJ,201
4etz,A,C2E,501
4eu0,A,C2E,501
4euv,A,C2E,501
3hv8,A,C2E,900
1xms,A,ANP,400
1xmv,A,ADP,400
4ncj,A,ADP,901
1m83,A,ATP,400
1mau,A,ATP,400
1i6k,A,TYM,350
1i6l,A,TYM,350
1i6m,A,TYM,350
2ov4,A,AQP,400
3pyy,A,3YY,538
3k5v,A,STJ,1
2y0p,A,ACO,2228
4bo0,A,FXE,1248
4bo1,B,NKH,1248
4bo2,A,36K,1248
4bo3,A,U98,1248
4bnz,A,8M5,1248
4bny,B,36I,1248
4bnx,A,O74,1247
4bnu,B,9KQ,1248
4bnv,B,Q7U,1247
2c58,A,AT3,1537
1w96,A,S1A,1567
3f6g,B,ILE,1
1i1q,A,TRP,1001
3lap,A,GGB,200
3cag,A,ARG,300
2zfz,A,ARG,300
2p5m,B,ARG,201
1kee,A,ORN,5011
1m6v,A,ORN,4011
1t36,A,ORN,1089
1za2,B,CTP,155
4fyw,B,CTP,202
4kgv,B,ATP,202
4kgx,B,CTP,202
1csm,B,TRP,501
4jaf,A,NAI,503
1owb,A,NAD,3000
2i80,A,G1L,400
2hvw,A,DCP,1201
3hl8,A,BBP,501
3irh,A,DGT,458
4lrl,B,DGT,502
4ejl,A,IOP,106
4ejd,A,1F1,102
3kfr,B,1F1,201
4k4q,B,06B,102
4k4r,A,27B,102
1ne7,B,16G,2299
2jfn,A,UMA,1286
4b1f,A,KRH,1256
1uxn,A,AMP,1502
1uxq,A,G1P,1503
1uxr,A,F6P,1503
1uxt,A,G1P,1502
1uxu,A,AMP,503
3d2e,A,ATP,1001
3d2f,A,ATP,1001
2qxl,A,ATP,1002
4b9q,A,ATP,700
4jn4,A,ATP,1002
4jne,A,ATP,1002
1q5o,A,CMP,201
2ptm,A,CMP,401
2poc,A,UD1,5002
2put,B,UD1,5003
2puv,B,UD1,5003
2p2n,A,ASN,8001
1ldn,A,FBP,353
1lth,R,FBP,320
4avb,A,CMP,400
3bz7,A,BL4,800
3bz9,A,BL7,800
1yv3,A,BIT,800
1o0s,A,TTN,810
1pj2,A,FUM,700
1pj3,A,FUM,700
1pj4,A,FUM,700
3h6u,A,NS3,265
3h6w,A,NS7,265
2al4,C,CX6,801
3o6g,A,O27,268
3o6h,A,O25,268
3o6i,A,O26,265
2xhd,B,7T9,1266
3o28,A,O28,264
3o29,A,O29,271
3o2a,A,O30,264
3pmv,A,557,270
3pmw,A,G69,312
3pmx,A,808,277
2xx7,A,1ND,310
2xx9,A,1NF,310
3rn8,A,RN8,281
3rnn,A,RNN,280
3tdj,B,3TJ,265
3tkd,A,CYZ,266
4fat,A,496,302
4iy6,A,MQR,301
4n07,A,2J9,301
3kgc,A,LY7,264
4lz5,B,1YV,805
4lz7,C,1YW,804
4lz8,A,1YX,802
4b71,A,DJL,1721
4b73,A,4VA,1721
4b74,A,1LH,1721
4b76,A,PW1,1721
2q8m,A,AMP,341
3ifa,A,AMP,339
3ifc,A,AMP,339
2y5k,A,YCU,1336
2y5l,A,RO8,1000
3kbz,A,2T4,401
3kc1,A,2T6,401
2wbb,A,RO3,1336
2wbd,A,RO5,1337
2vt5,A,ROK,1337
2jjk,A,R15,1336
4mjo,A,2C1,401
4h46,A,AMP,404
4gx4,A,AMP,404
4gx6,A,AMP,404
2f3d,A,AMP,435
1yyz,A,AMP,435
1yz0,A,AMP,1844
1kz8,A,AMP,737
1q9d,B,OI1,406
1nv7,A,AMP,3337
1frp,A,AMP,338
4p3h,A,25G,201
4p2t,A,24Q,201
3njq,A,NJQ,197
4gqq,A,0XR,502
2q5q,A,KPV,5004
4ck3,A,K1T,1213
4ck1,A,OM1,1216
4cjw,B,CBJ,1217
4cjv,A,IV2,1212
4cju,A,JNS,1217
4cjt,A,HLR,1215
4cjs,A,L0Y,1217
4cjq,A,VXO,1214
4cjp,A,4D2,1215
4cjl,A,9PA,1216
4cjk,A,H39,1215
4cjf,A,RVN,1217
4cje,A,Q31,1213
4cj5,A,4VW,1216
4cj4,A,S3G,1217
4cj3,A,E4F,1214
4cig,A,X0P,1217
4cif,A,JDX,1216
4cie,A,Y7N,1215
4chz,A,H75,310
4chq,A,CWU,1217
4chp,A,IMV,1216
4cho,B,U2Z,1218
4chn,A,ONZ,1217
4cgj,A,NZL,1216
4cgh,A,LOZ,1216
4cfd,A,S8Y,1217
4cfb,A,OM3,1217
4cf9,A,5EY,1214
4cf8,A,V7H,1217
4cf2,A,3GM,1213
4cf0,A,O5U,1213
4cez,A,O3N,1215
4ces,A,NFW,1215
4cer,A,VL4,1215
4ceq,A,QCH,1215
4ceo,A,G0T,1215
4cef,A,D0T,1215
4cee,A,B0T,1215
4ced,B,9NS,1215
4cec,A,2SS,1216
4ceb,B,ZSV,1215
4cea,A,ZSW,1217
4ce9,A,O3N,1214
3vq4,A,0NX,305
3vqd,A,MOK,304
4ah9,A,0MB,218
4ahr,A,I2E,1218
4aht,A,Q6T,1216
3ao4,B,833,1
3ao2,A,AVX,1
3ovn,B,MPV,213
3zt3,A,ZT4,1216
3zt1,A,OM1,1215
3zt0,A,ZT0,1213
3zcm,A,PX3,1214
3zsq,A,O4N,1215
3zsr,A,O3N,1215
3zsv,B,ZSV,1215
3zsw,A,ZSW,308
3zsx,A,N44,1215
3zsy,A,OM3,1214
3zsz,A,OM2,1215
4dmn,A,0L9,305
4id1,A,LF0,301
4o0j,A,LF8,301
4o55,A,LF9,301
4o5b,A,LF9,301
4ojr,A,2SQ,301
4lh5,A,LF0,301
4jlh,A,0L9,301
4gvm,A,LF2,303
3nf6,A,IMV,230
2brk,A,CMF,1534
2brl,A,POO,1534
3q0z,A,23E,601
2wcx,A,VGC,1534
3frz,A,AG0,577
2who,A,VGI,1534
4jjs,A,1M9,601
4jju,A,1MB,3002
4jvq,A,1ML,3002
2d3u,A,CCT,1001
2d41,A,SNH,1001
3gnw,A,XNC,579
3pg9,A,TYR,339
1of6,A,DTY,1370
2ypo,A,PHE,900
3nue,A,TRP,9004
3mwb,B,PHE,311
1hk8,A,DGT,1587
1xjj,A,DGT,1001
1xje,A,TTP,1005
1xjf,A,DTP,1002
1xjg,A,DTP,1004
1xjk,A,DGT,1003
1xjn,A,DTP,1005
1xjm,A,TTP,1001
3o0n,A,TTP,1001
3o0o,A,TTP,1001
3o0q,A,TTP,1001
3s87,A,DGT,1001
2wgh,A,DTP,1745
3hnc,A,TTP,802
3ho6,A,IHP,270
3pa8,A,IHP,257
3pee,A,IHP,255
3r6s,A,CMP,301
4n9i,A,PCG,301
4ft8,A,CMP,301
4i02,A,CMP,301
4hzf,A,CMP,301
4i0b,A,CMP,301
4i0a,A,CMP,301
4i09,A,CMP,301
4i01,A,CMP,301
1hw5,A,CMP,210
3kcc,A,CMP,301
1zrf,A,CMP,622
2gzw,A,CMP,1301
3rou,A,CMP,301
1i5z,A,CMP,301
1i6x,A,CMP,301
2cgp,A,CMP,621
3qop,A,CMP,301
3ryp,A,CMP,301
3i54,A,CMP,301
3i59,A,N6R,301
2nw8,A,TRP,308
2rh9,A,IGP,269
3cep,A,G3P,269
1fuy,A,FIP,269
1kfb,A,IGP,550
1k3u,A,IAD,801
1k7f,A,IAV,401
2clh,A,F19,1268
4kkx,A,F6F,301
4hpx,A,F9F,301
4hn4,A,F9F,301
2rde,A,C2E,301
3ptz,A,UDX,501
4nes,A,UD1,400
4fkz,A,UD1,401
4bqh,A,9VU,1539
1jlr,A,GTP,303
3mrt,A,12E,920
3mrx,A,17S,920
3ms4,A,21N,920
3mt7,A,16O,920
3mt8,A,17T,920
3mt9,A,18O,920
3mta,A,22O,920
3mtb,A,23V,920
3mqf,A,20X,920
3mtd,A,25E,844
3ebo,A,57D,940
3ebp,A,CPB,940
3nc4,A,26O,920
3ms2,A,18S,920
3mrv,A,16F,920
3dds,A,26B,905
3cem,A,AVD,833
3ddw,A,055,905
2gj4,A,2TH,949
2iei,A,FRX,904
2ieg,A,FRY,901
1dku,A,AP2,1002
3n1v,F,3N1,1
2p9h,A,IPT,998
2yc3,A,MW5,1301
2yc5,A,6BC,1300
4nak,A,PBQ,401
4nal,A,H70,401
4nan,A,2JM,401
4m0y,A,M0Y,702
4m0z,A,M0Z,701
4m12,A,1YZ,701
4m13,A,1E0,701
4m14,A,QWS,702
4m15,A,QWS,701
3e6b,A,3C4,301
3e5u,A,3C4,501
3zlk,A,Y46,400
3zll,A,4WF,400
4arw,A,HNR,400
4asj,A,N6A,1294
4b3u,A,NWL,400
4b4b,A,GJB,400
4b4g,A,KKT,400
4b4m,A,JWT,400
1fxo,A,TMP,9507
1lvw,A,TYD,3002
4ho3,A,TTP,301
1jqn,A,ASP,884
2q0a,A,PCG,401
1q3e,A,PCG,401
1q43,A,CMP,646
3bpz,A,CMP,641
3etq,A,CMP,1
3eeb,A,IHP,210
3gcd,A,IHP,214
2q72,A,IXX,801
2qb4,A,DSM,801
4a7w,A,GTP,1241
2vd3,A,HIS,1290
4nbn,B,2J7,401
3nax,A,MP7,363
4aw0,A,MJF,600
4aw1,A,21O,1361
2y8l,E,AMP,1329
2v8q,E,AMP,1329
4eak,C,ATP,402
3cqd,B,ATP,312
3umo,B,ATP,312
3of1,A,CMP,501
2a68,C,RBT,8001
2a69,C,RPT,8001
1s9j,A,BBM,1001
3e8n,A,VRA,1001
3eqc,A,3BM,1
3eqg,A,4BM,1
4an2,A,EUI,1382
4an3,A,5Y0,1384
4anb,A,YQY,501
3vvh,A,4BM,703
3dv3,A,MEK,9001
3sls,A,77D,500
1nsg,A,RAD,108
3fap,A,ARD,402
4ebv,A,0O7,700
4i4f,A,1BR,702
3f9m,A,MRK,501
3h1v,X,TK1,501
1v4s,A,MRK,501
3vey,A,0H5,504
3id8,A,MRK,501
3vf6,A,0H6,502
3vev,A,0H4,502
3a0i,X,AJI,501
4dhy,A,S41,502
3s41,A,S41,4000
4ixc,A,1JD,503
4iwv,A,1J9,503
3imx,A,B84,466
4isf,A,1FX,501
4dch,A,4DC,502
1cza,N,G6P,919
3lw0,A,CCX,1
3gcs,A,BAX,401
3gcv,A,SS6,361
3obj,A,BMU,361
3o8t,A,BMU,361
3o8p,A,BMU,361
3heg,A,BAX,1
3o8u,A,BMU,361
3k3i,A,JZJ,1
3d83,A,GK6,401
3pg3,A,DG7,362
3gcq,A,1BU,401
3hv3,A,R49,361
2baj,A,1PP,401
4aa0,A,AA0,1353
3hv7,A,1AU,361
3lfe,A,Z84,361
3gcu,A,R48,401
3hv5,A,R24,361
3nnv,A,437,355
3kq7,A,KQ7,361
2bak,A,AQZ,401
3hv6,A,R39,361
3gi3,A,B10,391
3nnu,A,EDB,355
3nnw,A,EDD,355
3nnx,A,EDD,355
3mk6,A,ACO,1901
1pfk,A,ADP,326
4pfk,A,ADP,326
3f3u,A,1AW,1
3g6g,A,G6G,1
2oiq,A,STI,1001
3hqp,A,FDP,700
4hyv,A,FDP,1004
4hyw,A,FDP,503
3n25,A,PRO,1200
4b2d,A,SER,1532
3gqy,A,FBP,541
3gr4,A,FBP,541
3h6o,A,FBP,541
4ejn,A,0R4,501
4kfb,A,T27,607
4icl,A,T27,601
4id5,A,T27,601
4idk,A,T27,601
4ify,A,T27,601
2be2,A,R22,4002
2zd1,A,T27,557
3bgr,A,T27,556
4g1q,A,T27,601
4i2p,A,G73,601
4ko0,A,JLJ,601
4ig3,A,T27,601
3cj5,A,SX6,571
3cj2,A,SX3,571
3cj0,A,SX2,571
3cj4,A,SX5,571
4eo8,A,0S3,600
3mf5,A,HJZ,571
2gir,A,NN3,1001
4eo6,A,0S2,600
3cj3,A,SX4,572
3cde,A,N3H,579
3e51,A,N35,579
4ih5,A,12R,601
4ih7,A,1ER,602
4mk8,A,28Q,602
3h98,A,B5P,571
3br9,A,DEY,579
3co9,A,3MS,579
3h2l,A,YAK,601
4mkb,A,28V,601
4mib,A,28M,602
3fqk,A,79Z,571
3cvk,A,N34,579
3d28,A,B34,579
4kbi,A,1C0,601
3bsa,A,1PD,579
4mk9,A,28R,601
2giq,A,NN2,1001
3d5m,A,4MS,579
3h5u,A,H5U,571
3h5s,A,H5S,571
3g86,A,T18,571
3h59,A,H59,571
3gyn,A,B42,579
3vqs,A,JT1,1000
3f9n,A,38M,324
3jvr,A,AGX,901
1g9v,A,RQ3,801
2d5z,A,L35,1201
1dd7,A,1PM,601
2vpr,A,TDC,1206
2fpl,A,ANP,401
3ntu,A,ANP,401
3etl,A,ANP,401
2fpm,A,ANP,401
2gdj,A,ANP,401
3fyh,A,ADP,401
1t4g,A,ANP,401
2fpk,A,ADP,401
4cll,A,BCT,1470
4clw,A,SO3,1468
4cm2,A,SO3,1470
4oyz,A,BCT,502
4oya,A,1VE,501
4oyb,A,1VJ,502
4oym,A,1ZC,501
1zdq,A,MSM,1507
1g1l,A,DAU,3501
4qfz,A,DGT,701
4qfy,A,DGT,701
4qfx,A,DGT,701
4qg0,A,DGT,701
4qg2,A,GTP,701
4qg4,A,GTP,701
3kgf,B,TRP,9004
3rzi,B,TRP,466
1tjp,A,HPF,1001
1k7e,A,IAG,401
2clk,A,G3H,1268
4ht3,A,F9F,301
4hpj,A,F9F,301
1wqw,A,BT5,1301
2deq,B,BT5,1301
2dxu,B,BT5,2301
2dve,B,BT5,1301
2dti,B,BT5,1301
2dkg,B,BT5,1301
2djz,A,BT5,1301
4wf2,A,BTX,501
4op0,A,BT5,301
4hnn,A,LYS,401
4m19,A,LYS,301
4i7w,A,LYS,301
4fha,A,LYS,401
4dpq,A,LYS,404
1yxd,B,LYS,2300
2ats,A,DLY,3001
4tpw,A,33R,302
4tqb,A,34K,302
1wmq,A,HIS,2001
1wpu,A,HIS,2001
1wpv,A,HIS,1001
4uuu,A,SAM,1546
4ppu,A,TYR,401
4ppv,A,PHE,401
4qpl,A,V3L,201
4rut,A,LM8,706
3pna,A,CMP,250
4no7,A,2N8,502
2g50,A,ALA,6101
4ip7,A,FBP,603
2oro,A,228,601
2orr,A,333,601
3nqs,A,AT2,906
4nir,A,6DH,308
4q9m,A,2ZW,301
4q9o,A,2ZW,301
4uc5,A,PHE,1354
4coj,A,DTP,654
4xx9,A,RF4,402
5ack,A,SVQ,600
5ex4,A,TRP,502
5de1,A,59D,502
5diq,F,5B9,403
5djr,F,5BK,403
5djv,F,5BL,401
5buu,A,4V6,801
5afk,A,5VU,1207
5afn,A,OJD,1215
5c4s,A,4Y5,601
5c4t,A,4Y6,601
4zlo,A,4PV,601
4z87,A,GDP,603
5f1v,A,3VN,304
5k5m,A,68T,1003
5fii,A,PHE,901
4ofg,A,PCG,601
5et6,A,AMP,401
5dpv,A,5DN,401
5dr2,A,5E1,401
5dr9,A,5E2,402
4ryl,A,3ZG,601
5gsa,A,73K,501
5czb,A,55W,601
4qxs,F,WC1,403
5c4o,A,4F1,601
5c4u,A,4Y7,601
5f6y,A,5VM,201
5ehp,A,5OA,601
5ehr,A,5OD,601
5i2n,A,67J,303
5kdt,A,6RV,303
4zsg,A,4QX,406
5klp,A,IHP,401
5i3p,A,68T,1003
5i3q,A,68E,1003
5jjr,A,68E,1004
5jjs,A,6L2,1004
5iv3,A,LRI,506
5iv4,A,LRI,501
5f1u,A,3VN,301
4rxp,A,GTP,703
4rxq,A,GTP,804
4rxr,B,GTP,801
4rxs,A,GTP,801
5ugh,A,8AJ,401
5n69,A,2OW,904
5tf9,A,7AV,501
5w3t,A,IHP,501
5w3x,A,IHP,501
5w3y,A,IHP,501
5v5d,A,8OY,201
5v5e,A,8N4,201
5ut6,A,8MY,901
5ut5,A,2HB,905
5wuk,A,73K,502
5u5h,A,7VV,501
5u5k,A,7VY,502
5u5t,B,7W7,503
5u62,B,7WD,501
5tqh,A,7J2,502
5svf,A,70P,502
5sun,B,70Q,502
5mo4,A,AY7,602
5mfw,A,7M6,901
5mrm,A,Q9T,401
5mro,A,Q9P,401
5mrp,A,6BC,401
5npk,b,94H,1502
5npp,B,94K,1502
5tp9,A,7H0,303
5tpa,A,7H2,302
5mcp,A,ATP,601
5tc3,A,ATP,601
5tbm,A,79A,401
5wdy,A,A6S,902
5we8,A,A7Y,503
5tri,A,7HM,602
5pzk,A,2N5,602
5pzl,A,8XV,602
5pzn,A,8XP,602
5olk,A,DTP,1001
5w6y,A,TRP,401
3wgg,A,8NA,301
4tsx,A,LF0,301
4xcz,A,T3Q,403
4cyd,A,CMP,1228
6fba,A,D48,402
5in4,A,6CK,1003
5d41,A,57N,1103
5uhv,A,GNP,201
5lvx,A,79B,507
2xpu,A,TDC,1209
5nn4,A,SC2,1016
4z07,A,PCG,401
5o2d,A,9HH,1201
4yb5,A,HIS,304
5y66,A,7ZR,502
5uxm,A,TRP,502
5et8,A,F6P,401
5orn,A,A5E,404
5orv,A,A65,406
5orx,A,A6H,404
5ur3,A,8OY,201
5ute,A,8M4,201
5utn,A,8MA,201
5uv3,A,8N4,201
5h24,A,LQG,501
6b0z,A,C81,502
5j5s,A,6G3,601
5oi2,A,9VN,305
5oi5,A,9VK,501
5oi8,A,9VN,302
5oia,A,9VK,303
5di7,A,5CQ,601
5did,A,5CK,601
5die,A,5CJ,601
5dk9,A,5CC,601
5dkb,A,5C9,601
5dkg,A,5C7,601
5dl4,A,5C4,601
5dlr,A,5DJ,601
5dmf,A,5DG,601
5dp0,A,5ES,601
5drj,A,5EU,601
5drm,A,5ET,601
5dtv,A,5FS,601
5du5,A,5G2,601
5duh,A,5FT,900
5dvs,A,5G7,900
5dwe,A,5G5,900
5dwg,A,5G4,900
5dwi,A,5G3,900
5dxk,A,5J1,900
5dxm,A,5J0,900
5dxp,A,5HX,900
5dxq,A,5HZ,900
5dxr,A,5HW,900
5dy8,A,5K4,900
5dyb,A,5K2,900
5dyd,A,5K1,900
5dz0,A,5K0,900
5dz1,A,5JY,900
5dz3,A,5JX,900
5dzh,A,5KG,900
5dzi,A,5KF,901
5e0w,A,5KE,900
5e0x,A,5KD,900
5e14,A,5KB,900
5e19,A,5K7,901
5e1c,A,5K8,900
6d1y,A,FQJ,801
6d1z,A,FQM,803
5h3q,A,7HF,1001
6c1r,B,EFD,501
4r8h,A,SP1,301
5ja0,F,FPP,402
6gg4,A,PHE,603
5ue4,B,5XQ,307
5oew,B,9TE,901
5i56,B,67P,802
5i59,B,67Q,302
5ybf,A,8SR,902
5opk,A,DTP,514
5lwp,A,79U,601
6c98,B,ER7,101
6c99,A,EQY,301
5kdf,A,6RU,201
5lht,A,TIH,301
5lhu,A,HIS,301
6bmr,A,DZV,601
6bmu,A,DZV,602
6bmv,A,DZS,601
6bmw,A,DZS,602
6bmx,A,DYV,601
6bmy,A,DYV,602
5kcj,B,6RM,302
5h8q,B,5YE,302
5h8h,B,5YC,303
5lvn,A,ADN,402
5lvl,A,537,401
5krs,A,6XI,302
5kgw,A,7SK,304
5t3n,A,75G,503
5c2o,A,TTP,704
5n9r,A,8RN,1003
6bhv,A,DQV,1101
5n9t,A,8QQ,1005
5d0r,A,B1T,501
4mi4,A,SPM,201
4ov4,A,KIV,402
4ov9,A,VPM,402
4tnp,A,DCP,701
4tnx,A,DGT,701
5v03,R,658,201
5ftv,A,KDT,1294
5fu0,A,FKH,1294
5fu8,A,DH5,500
4zsi,A,GLP,301
4zsk,A,16G,301
6ncj,A,KJJ,305
6iik,A,IU1,501
5w5r,A,PYR,503
6bkz,A,DWM,502
6hd6,A,FYH,602
6boj,A,E31,703
3zou,A,6H6,1299
5ee7,A,5MV,1201
5h15,A,LQD,501
5h17,A,LQE,501
5h19,A,LQF,501
5pzr,A,93S,401
5pzs,A,93Y,401
5pzu,A,94D,401
5pzv,A,94G,401
5pzw,A,94J,401
5pzy,A,94V,401
5pzz,A,94Y,401
5q02,A,95J,401
5q03,A,95M,401
5q05,A,95S,401
5q06,A,95V,401
5q07,A,95Y,401
5q08,A,967,401
5q09,A,96A,401
5q0a,A,96D,401
5q0b,A,96J,401
5w5t,F,9X7,503
6agm,A,TYR,601
6cmr,A,5OD,601
6duk,A,JBJ,1103
6dw4,A,HF7,705
6dwd,A,HDV,704
6e7r,B,HYS,503
6e7t,B,HYY,506
6f7i,A,CW5,801
6faz,B,D45,301
6fhk,A,ADP,401
6fpl,A,TAC,301
6hc9,B,FXW,313
6hca,B,FXW,301
6hcb,B,D45,304
6hcc,A,FXW,301
6hd4,A,FYW,603
6hx1,A,GXK,1001
6iil,A,A8F,501
6iim,A,A8L,501
6jta,A,GLN,1302
6lmi,A,EJ9,304
6md7,A,JE1,601
6mda,A,JED,601
6mdc,A,JEA,601
6mdd,A,JE7,601
6nn4,A,FBP,601
6npt,A,KWY,801
6nsp,A,L0P,801
6nss,A,L0M,801
6nu1,A,CYS,601
6nu5,A,CYS,601
6nub,A,SER,601
6nwl,A,HCY,301
6om8,A,UDX,501
6pf1,A,OJ7,1702
6pgu,A,OK7,1702
6qce,A,HW2,408
6qcj,A,XEG,407
6qjx,A,MIY,301
6qku,A,R3W,402
6qkw,B,FAH,402
6qss,A,7MT,401
6qxl,A,G6P,501
6rbl,A,DXT,301
6rbm,A,MIY,301
6rcr,A,DXT,301
6rgx,B,DXT,301
6rrp,A,URS,601
6sal,A,L3E,601
6swx,A,LWN,801
6t4g,A,L3E,602
6t4i,A,4F1,602
6t4j,A,MHQ,601
6t4k,A,MHQ,601
6t4t,A,L3E,803
6t4u,A,4F1,803
6t4w,A,MJE,803
6t4x,A,L3E,602
6t4y,A,4F1,602
6t50,A,MJE,602
6t5x,A,NDP,301
6tlm,A,MJE,601
6tlq,A,MJE,602
6tlt,A,MJE,601
6u26,B,063,801
6u2n,B,PV7,801
6u2p,B,PUV,804
6usa,B,PZJ,501
6wkz,A,8Y1,701
6wl6,A,91A,701
6xd1,A,V0J,1003
6xnv,A,2BA,201
6yz4,A,1E8,514
6z1m,A,HEM,502
6z4b,A,9LL,1102
6zgv,D,QKZ,401
6zgx,D,S6V,401
7a2a,A,57N,1101
7ak0,A,RJK,801
7b7r,A,T1K,403
7b94,A,T3W,403
7bhr,A,TQE,401
7bht,A,TO8,402
7bhu,A,TOW,401
7bhv,A,TQB,401
7bhw,A,TNW,401
7bhx,A,TO5,402
7jvm,A,VKS,601
7jvn,A,VKP,601
7kcc,A,WBG,408
7kcf,A,J4A,401
7kda,A,WBM,505
7kdb,A,WBS,401
7nec,A,U95,601
7np5,A,UKB,601
7np6,A,UK8,601
7npc,A,ULT,601
7rct,A,4Q4,601
7ke0,A,WBV,301
6z89,A,QBK,301
7lvl,A,LYS,401
6u60,A,TYR,401
6qu3,A,JJ5,1001
6t5b,A,O7K,203
6t5v,A,MKZ,203
6vve,A,IHP,401
6y4t,A,O8W,401
6y4u,A,O98,401
6y4w,A,O8T,401
6y4v,A,O8Z,401
6y4x,A,O8Q,408
6y6v,A,OE5,401
6yjc,A,OSZ,401
6yk7,A,OU2,401
6zwp,A,OE8,401
6zwr,A,OEB,401
6w56,A,SZJ,602
6w29,A,SEV,601
6w49,A,SWV,603
6w53,A,SZP,601
6w57,A,SZG,602
6w59,A,SZD,602
6nze,A,L8Y,901
6nzf,A,L91,901
6peg,E,4FQ,201
6q3f,A,HEW,301
6q4d,A,HHT,305
6r4a,A,JRT,510
8ar7,B,LEU,603
7zp2,A,EJG,401
7u3d,A,C2E,801
7p2u,A,4WB,507
8fny,A,ADP,802
8skn,A,6I9,801
7qk4,A,EJR,504
8bsn,A,R0C,606
7jxl,A,VO7,1101
8fv4,D,YAA,1101
8p3e,B,WSI,501
8spn,C,7TN,201
7klx,A,WOV,401
8g65,A,YW9,301
8qez,A,UF5,310
8q61,A,K06,501
8qyt,A,PLP,303
8r32,A,2J9,902
8crc,A,VIH,602
8eym,A,16G,401
8qtk,A,WX9,504
7e1n,A,ZHG,301
7t1d,A,E7K,1007
7qie,A,DVF,501
8d4i,A,PUT,504
8jb3,A,NOS,501
7oy0,A,3EI,502
7paw,B,6IT,801
7jxq,A,VNS,1102
8i71,A,OTI,206
5sae,A,W3G,402
7rwf,A,7TW,302
7frx,A,O88,605
7alq,B,HBI,303
8p4h,A,UM6,401
8wx7,A,XD8,602
