PDBID,Ligand CCD,Ligand chain,Ligand residue sequence number
182l,BZF,A,401 
183l,DEN,A,400 
1a9r,HPA,A,290 
1ai3,NDO,A,417 
1am1,ADP,A,300 
1apz,ASP,B,551 
1apz,ASP,D,552 
1atp,ATP,E,355 
1ayw,IN3,A,300 
1b3d,S27,B,401 
1b4e,SHF,A,407 
1b6a,TN4,A,480 
1bb6,UMG,A,130 
1bb7,GUM,A,130 
1bic,BCT,A,498 
1bir,2GP,A,106 
1bir,2GP,B,107 
1bkf,FK5,A,108 
1bzm,MZM,A,262 
1c2d,BAK,A,246 
1c5r,ESI,A,246 
1c5u,ESP,A,246 
1c5w,ESI,B,251 
1c9h,RAP,A,108 
1cah,BCT,A,500 
1cam,BCT,A,500 
1can,NO3,A,511 
1ckp,PVB,A,299 
1cm0,COA,A,701 
1cm0,COA,B,700 
1cva,AZI,A,357 
1cws,WO4,A,567 
1czh,FMN,A,170 
1d3t,BT1,B,400 
1d6h,COA,A,390 
1dcy,I3N,A,1201 
1dds,MTX,A,201 
1dds,MTX,B,201 
1dih,NDP,A,301 
1djx,I3P,A,1 
1djx,I3P,B,1 
1dmy,AZM,A,400 
1dmy,AZM,B,900 
1dqr,6PG,A,600 
1dqr,6PG,B,601 
1dra,MTX,A,161 
1dra,MTX,B,361 
1drb,MTX,A,161 
1drb,MTX,B,361 
1drh,NAP,A,164 
1dru,NAD,A,301 
1drw,NHD,A,301 
1dvj,UP6,A,5001 
1dvj,UP6,B,5002 
1dvj,UP6,C,5003 
1dvj,UP6,D,5004 
1dvs,STL,A,125 
1dvx,DIF,B,125 
1dvz,OFL,A,125 
1e2n,RCA,A,500 
1e2n,RCA,B,500 
1e2p,CCV,A,500 
1e2p,CCV,B,500 
1e3k,R18,A,1000 
1e3k,R18,B,1000 
1e96,GTP,A,200 
1ecm,TSA,A,500 
1ecm,TSA,B,501 
1ep4,S11,A,999 
1ere,EST,A,600 
1ere,EST,B,600 
1ere,EST,C,600 
1ere,EST,D,600 
1ere,EST,E,600 
1ere,EST,F,600 
1erm,BJI,A,500 
1eta,T44,1,128 
1eta,T44,2,129 
1etb,T44,1,128 
1etb,T44,2,129 
1eyn,2AN,A,550 
1f5f,DHT,A,253 
1f7k,UMP,A,704 
1f7k,UMP,B,703 
1f86,T44,A,428 
1f86,T44,B,528 
1fby,9CR,A,500 
1fby,9CR,B,1500 
1ffy,MRC,A,1993 
1fhw,I5P,A,1001 
1fhw,I5P,B,1002 
1fhx,4IP,A,1001 
1fhx,4IP,B,1002 
1fk9,EFZ,A,999 
1fkj,FK5,A,108 
1fko,EFZ,A,999 
1fkx,PRH,A,353 
1fm1,WAY,A,169 
1fm6,9CR,A,501 
1fm6,BRL,D,503 
1fm6,9CR,U,502 
1fm6,BRL,X,504 
1fmo,ADN,E,351 
1fpu,PRC,A,1 
1fpu,PRC,B,2 
1gi2,122,A,246 
1gih,1PU,A,501 
1gii,1PU,A,501 
1gj9,134,B,251 
1gr2,KAI,A,999 
1gss,LEE,A,208 
1gss,LEE,B,208 
1gua,GNP,A,170 
1gw6,BES,A,1611 
1gwx,433,A,1 
1gwx,433,B,2 
1gzt,FUC,A,201 
1gzt,FUC,B,201 
1gzt,FUC,C,201 
1gzt,FUC,D,201 
1h2y,ZPR,A,791 
1h9u,LG2,A,1 
1h9u,LG2,B,1 
1h9u,LG2,C,1 
1h9u,LG2,D,1 
1hcb,BCT,A,522 
1hdc,CBO,A,301 
1hdc,CBO,B,301 
1hdc,CBO,C,301 
1hdc,CBO,D,301 
1hdr,NAD,A,244 
1hdu,ING,A,1309 
1hdu,ING,B,1309 
1hdu,ING,D,1309 
1hdu,ING,E,1309 
1hex,NAD,A,400 
1hku,NAD,A,600 
1hmp,5GP,A,300 
1hmp,5GP,B,800 
1hov,I52,A,800 
1hpk,ACA,A,80 
1hut,0G7,H,1 
1hzz,NAD,A,400 
1hzz,NAP,C,300 
1i38,DHT,A,201 
1i4d,GDP,D,200 
1if4,FBS,A,555 
1ipc,MGP,A,1000 
1iss,MCG,A,1001 
1iss,MCG,B,2001 
1iwo,TG1,A,1001 
1iwo,TG1,B,1002 
1ixi,2HP,A,322 
1iy8,NAD,A,1268 
1iy8,NAD,B,2268 
1iy8,NAD,C,3268 
1iy8,NAD,D,4268 
1iy8,NAD,E,5268 
1iy8,NAD,F,6268 
1iy8,NAD,G,7268 
1iy8,NAD,H,8268 
1j0x,NAD,P,1336 
1j0x,NAD,R,2336 
1j8v,LAM,A,621 
1jkh,EFZ,A,999 
1jkx,138,A,1221 
1jkx,138,B,2221 
1jkx,138,C,3221 
1jkx,138,D,4221 
1ju9,NAD,A,377 
1ju9,NAD,B,377 
1k5q,PAC,B,559 
1k5s,GRO,B,601 
1k74,9CR,A,463 
1k74,544,D,478 
1k7l,544,A,469 
1k7l,544,C,470 
1k7l,544,E,501 
1k7l,544,G,601 
1kdm,DHT,A,301 
1kly,UP6,A,2001 
1km2,UP6,A,2001 
1km5,UP6,A,2001 
1knr,FAD,A,800 
1knu,YPA,A,1001 
1kts,C24,B,999 
1kuv,CA5,A,901 
1kux,CA3,A,900 
1kuy,COT,A,901 
1ky8,NAP,A,999 
1kzo,FPP,B,1002 
1kzo,FAR,C,12 
1l8b,MGP,A,1000 
1l8b,MGP,B,2000 
1lb8,AMQ,A,427 
1lb8,AMQ,B,428 
1lbl,137,A,300 
1lg6,SCN,A,263 
1lgd,BCT,A,263 
1lo7,4CO,A,170 
1lo8,4CA,A,170 
1lr8,IHS,A,30 
1lt8,CBH,A,601 
1lt8,CBH,B,602 
1luq,BTN,A,5100 
1luq,BTN,B,5200 
1m01,NAG,A,507 
1m17,AQ4,A,999 
1m2z,DEX,A,301 
1m2z,DEX,D,401 
1maa,DME,A,998 
1maa,DME,B,996 
1maa,DME,C,997 
1maa,DME,D,999 
1md2,233,D,2201 
1md2,233,E,1204 
1md2,233,F,1207 
1mep,BTN,A,5100 
1mep,BTN,B,5200 
1mep,BTN,C,5300 
1mep,BTN,D,5400 
1mi4,S3P,A,1001 
1mk5,BTN,A,5100 
1mk5,BTN,B,5200 
1ms1,DAN,A,2700 
1ms1,DAN,B,2701 
1ms8,DAN,A,700 
1ms8,DAN,B,701 
1mt5,MAY,A,600 
1mt5,MAY,B,600 
1mt5,MAY,C,600 
1mt5,MAY,D,600 
1mt5,MAY,E,600 
1mt5,MAY,F,600 
1mt5,MAY,G,600 
1mt5,MAY,H,600 
1mt5,MAY,I,600 
1mt5,MAY,J,600 
1mt5,MAY,K,600 
1mt5,MAY,L,600 
1mt5,MAY,M,600 
1mt5,MAY,N,600 
1mt5,MAY,O,600 
1mt5,MAY,P,600 
1mt6,SAH,A,1 
1mtw,DX9,A,999 
1nav,IH5,A,600 
1nf3,GNP,A,200 
1nf3,GNP,B,202 
1nhb,PYJ,A,401 
1nm5,NAD,A,400 
1nm5,NAD,B,500 
1nm5,NAP,C,300 
1nop,VO4,A,699 
1nop,VO4,B,699 
1nq1,4HY,A,500 
1nq2,4HY,A,500 
1nqm,BTN,A,150 
1nqm,BTN,B,350 
1nqm,BTN,C,550 
1nqm,BTN,D,750 
1nuo,4HY,A,500 
1o2i,655,A,246 
1o31,801,A,246 
1o9f,FSC,A,1240 
1o9w,NAG,A,1177 
1obo,FMN,A,1170 
1obo,FMN,B,2170 
1obv,FMN,A,1170 
1of1,SCT,A,400 
1of1,SCT,B,500 
1oip,VIV,A,1278 
1okn,STB,A,555 
1opb,RET,A,134 
1opb,RET,B,134 
1opb,RET,C,134 
1opb,RET,D,134 
1opj,STI,A,3 
1opj,STI,B,4 
1opl,P16,A,539 
1opl,P16,B,538 
1osf,KOS,A,280 
1owb,NAD,A,3000 
1owb,NAD,B,3001 
1oz1,FPH,A,500 
1p1u,AMQ,A,302 
1p1u,AMQ,B,264 
1p1w,AMQ,A,428 
1p1w,AMQ,B,427 
1p8d,CO1,A,108 
1p8d,CO1,B,109 
1p9p,SAH,A,300 
1pb7,GLY,A,901 
1pg0,MOD,A,553 
1pk8,ATP,A,800 
1pk8,ATP,B,801 
1pk8,ATP,C,802 
1pk8,ATP,D,803 
1pk8,ATP,E,804 
1pk8,ATP,F,805 
1pk8,ATP,G,806 
1pk8,ATP,H,807 
1pkd,UCN,A,410 
1pkd,UCN,C,411 
1poy,SPD,1,400 
1poy,SPD,2,400 
1poy,SPD,3,400 
1poy,SPD,4,400 
1px2,ATP,A,800 
1px2,ATP,B,800 
1pxd,SFP,A,134 
1q0y,MOI,H,401 
1q7b,NAP,A,1901 
1q7b,NAP,B,2901 
1q7b,NAP,C,3901 
1q7b,NAP,D,4901 
1qds,PGA,A,350 
1qkm,GEN,A,600 
1qlt,FAD,A,600 
1qlt,FAD,B,600 
1qre,BCT,A,215 
1qrl,BCT,A,215 
1qu2,MRC,A,1993 
1qu3,MRC,A,993 
1qzy,TDE,A,500 
1r0e,DFN,A,702 
1r0e,DFN,B,501 
1r33,LKA,A,1162 
1r34,LKS,A,1102 
1r4l,XX5,A,804 
1r5k,GW5,A,600 
1r5k,GW5,B,601 
1r5k,GW5,C,602 
1r5l,VIV,A,301 
1ra1,NAP,A,164 
1ra9,NAP,A,164 
1ray,AZI,A,500 
1rbm,KT5,A,510 
1rbm,KT5,B,610 
1rbz,KT5,A,510 
1rbz,KT5,B,610 
1rc0,KT5,A,510 
1rc0,KT5,B,610 
1rdk,GAL,1,1 
1rdk,GAL,2,1 
1rdp,BV3,D,104 
1rdp,BV3,E,105 
1rdp,BV3,F,106 
1rdp,BV3,G,107 
1rdp,BV3,H,108 
1rf2,BV4,D,104 
1rf2,BV4,E,105 
1rf2,BV4,F,106 
1rf2,BV4,G,107 
1rf2,BV4,H,108 
1rff,VO4,A,699 
1rff,VO4,B,699 
1rfi,VO4,A,699 
1rfi,VO4,B,699 
1rg7,MTX,A,161 
1rk3,VDX,A,500 
1rkp,IBM,A,201 
1rml,NTS,A,178 
1rn8,DUP,A,777 
1rob,C2P,A,126 
1rx1,NAP,A,164 
1rx9,NAP,A,164 
1rz0,FAD,A,1200 
1rz0,FAD,B,2200 
1rz0,FAD,C,3200 
1rz0,FAD,D,4200 
1rz0,FAD,E,5200 
1rz0,FAD,F,6200 
1rz0,FAD,G,7200 
1rz0,FAD,H,8200 
1rzy,5AS,A,301 
1s8a,PGA,A,201 
1s8a,PGA,B,202 
1s8a,PGA,C,203 
1s8a,PGA,D,204 
1s8a,PGA,E,205 
1s8a,PGA,F,206 
1seu,SA3,D,990 
1skx,RFP,A,1 
1svs,GNP,A,355 
1swd,BTN,A,300 
1swd,BTN,D,600 
1swe,BTN,A,300 
1swe,BTN,B,400 
1swe,BTN,C,500 
1swe,BTN,D,600 
1swt,BTN,A,500 
1swt,BTN,B,600 
1t4t,DIR,A,1000 
1t4t,DIR,B,1001 
1t4t,DIR,C,1002 
1t5z,DHT,A,931 
1t63,DHT,A,931 
1t65,DHT,A,931 
1t8i,EHD,D,990 
1tb4,PEJ,A,373 
1tbf,VIA,A,501 
1tdb,UFP,A,529 
1tdr,MTX,A,170 
1tdr,MTX,B,170 
1tf9,PHI,A,913 
1ti7,NAP,A,400 
1tlg,GAL,A,126 
1tlg,GAL,B,126 
1tox,NAD,A,536 
1tox,NAD,B,536 
1tqt,SSD,A,1201 
1tqu,GHA,A,1300 
1tqv,SSE,A,1200 
1tqw,BLT,A,1300 
1tx8,AM4,A,302 
1txf,GLU,A,259 
1u21,P2C,A,211 
1u21,P2C,B,221 
1u7t,TDT,A,501 
1u7t,NAD,B,502 
1u7t,TDT,C,503 
1u7t,TDT,D,504 
1uad,GNP,A,200 
1uad,GNP,B,1200 
1ugb,AZI,A,500 
1ugf,AZI,A,600 
1uhl,MEI,A,1001 
1uhl,444,B,1002 
1uio,HPR,A,353 
1uki,537,A,0 
1ums,0DS,A,261 
1umt,0DS,A,261 
1upv,444,A,462 
1upw,444,A,1462 
1uw1,ADP,A,1074 
1uwj,BAX,A,1723 
1uwj,BAX,B,1723 
1uzn,NAP,A,1249 
1uzv,FUC,A,999 
1uzv,FUC,B,999 
1uzv,FUC,C,999 
1uzv,FUC,D,999 
1v35,NAI,A,501 
1v35,NAI,B,601 
1vbm,YSA,A,3001 
1vbm,YSA,B,3002 
1vbn,YSA,A,1001 
1vbn,YSA,B,1002 
1vc9,ATP,A,1001 
1vc9,ATP,B,1002 
1vg0,GER,A,952 
1vg0,GDP,B,1557 
1vzc,UFP,A,317 
1vzd,UFP,A,317 
1vzt,UDP,A,1370 
1vzt,UDP,B,2370 
1w0p,SIA,A,1784 
1w62,PYC,A,700 
1w8b,413,H,1259 
1w8c,N69,A,1301 
1wbj,G3P,A,1268 
1wbj,PLP,B,1392 
1wm0,PLB,X,1 
1wof,I12,A,1145 
1wof,I12,B,2145 
1x7j,GEN,A,201 
1x7j,GEN,B,202 
1x9q,FLU,A,1341 
1xd1,6SA,A,501 
1xdk,9CR,A,500 
1xdk,9CR,B,600 
1xdk,9CR,E,1500 
1xdk,9CR,F,1600 
1xh0,AAO,A,500 
1xj7,DHT,A,931 
1xkb,4PP,C,998 
1xkb,4PP,D,999 
1xli,GLT,A,400 
1xli,GLT,B,400 
1xls,9CR,A,801 
1xls,9CR,B,802 
1xls,9CR,C,803 
1xls,9CR,D,804 
1xls,TCD,E,805 
1xls,TCD,F,806 
1xls,TCD,G,807 
1xls,TCD,H,808 
1xnn,HYQ,A,101 
1xq3,R18,A,1001 
1xqh,SAH,A,1501 
1xqh,SAH,E,2501 
1xry,BES,A,2001 
1xuf,BAZ,A,246 
1xui,BAO,A,246 
1xuj,BOZ,A,246 
1xuk,BAB,A,246 
1xvp,F15,A,1002 
1xvp,F15,C,1001 
1xvp,CID,D,1003 
1xw6,GSH,A,750 
1xw6,GSH,B,751 
1xw6,GSH,C,752 
1xw6,GSH,D,753 
1xz1,HLT,A,2001 
1y1d,FHI,A,2000 
1y52,BTN,X,801 
1y52,BTN,Y,802 
1y59,TL1,T,350 
1y5a,TL2,T,790 
1y5b,TL3,T,720 
1y5u,TL4,T,360 
1y5v,NE8,A,500 
1y5w,NEZ,A,500 
1y5x,E89,A,500 
1y5x,E89,D,1500 
1y8j,STS,A,900 
1y8y,CT7,A,401 
1y93,HAE,A,301 
1ya3,STR,A,1001 
1ya3,STR,B,2001 
1ya3,STR,C,3001 
1yc3,4BC,A,237 
1ygc,905,H,1 
1yim,CM4,A,600 
1yin,CM3,A,600 
1yjq,NAP,A,501 
1yom,P01,A,1 
1yom,P01,B,2 
1yp6,PRZ,A,203 
1ypl,RA8,H,5555 
1ypm,RA4,H,5555 
1yw9,A84,A,482 
1ywn,LIF,A,301 
1z16,LEU,A,400 
1z17,ILE,A,400 
1z18,VAL,A,400 
1zap,A70,A,500 
1zdq,MSM,A,1507 
1zdq,MSM,B,1508 
1zdq,MSM,C,1509 
1zgc,A2E,A,1002 
1zgc,A2E,B,1001 
1zgy,BRL,A,503 
1zhx,HC3,A,1001 
1zj7,0ZT,A,201 
1zos,MTM,A,301 
1zos,MTM,B,302 
1zos,MTM,C,303 
1zos,MTM,D,304 
1zos,MTM,E,305 
1zos,MTM,F,306 
1zrb,062,A,1001 
1ztz,CB5,P,1001 
1ztz,CB5,B,1002 
225l,PXY,A,169 
2a0w,DIH,A,300 
2a0x,DIH,A,300 
2a0y,DIH,A,300 
2a2r,GSN,A,1221 
2a2r,GSN,B,2221 
2a2s,GSN,A,1221 
2a2s,GSN,B,2221 
2a3y,CPJ,A,610 
2a3y,CPJ,B,611 
2a3y,CPJ,C,612 
2a3y,CPJ,D,614 
2a3y,CPJ,E,613 
2a5t,GLY,A,1001 
2a5t,GLU,B,2002 
2aa2,AS4,A,201 
2aa5,STR,A,301 
2aa5,STR,B,302 
2aaw,GTX,A,220 
2aaw,GTX,C,221 
2ab2,SNL,A,502 
2ab2,SNL,B,503 
2ai1,P1G,A,293 
2ai2,P1D,A,293 
2ai3,P2G,A,293 
2amd,9IN,A,1001 
2amd,9IN,B,2001 
2anj,KAI,A,999 
2aqh,NAI,A,270 
2aqi,NAI,A,270 
2aqk,NAI,A,270 
2arc,ARA,A,171 
2arc,ARA,B,171 
2are,MAN,A,253 
2are,MAN,B,253 
2ato,MYQ,A,217 
2ax7,FHM,A,1 
2ax8,FHM,A,1 
2axa,FHM,A,1 
2b3b,GLC,A,2605 
2b3b,GLC,B,2606 
2b3b,BGC,C,2607 
2b3b,BGC,D,2608 
2b3b,GLC,E,2609 
2b3b,GLC,F,2610 
2b3f,GAL,A,3310 
2b3f,GAL,B,3311 
2b3f,GAL,C,3312 
2b3f,GAL,D,3313 
2b3f,GAL,E,3314 
2b3f,GAL,F,3315 
2baq,PQB,A,401 
2bbf,344,A,900 
2bfy,H1N,A,1357 
2bfy,H1N,B,1357 
2bhe,BRY,A,1299 
2bik,BI1,B,1306 
2bil,BI1,B,1307 
2bm0,GDP,A,1690 
2bnf,UTP,A,1242 
2bnf,UTP,B,1242 
2bre,KJ2,A,1214 
2bre,KJ2,B,1220 
2bsm,BSM,A,1224 
2bt0,CT5,A,1224 
2bt0,CT5,B,1224 
2bt3,R4A,A,1631 
2bt4,CA2,A,160 
2bt4,CA2,B,360 
2bt4,CA2,C,560 
2bt4,CA2,D,760 
2bt4,CA2,E,960 
2bt4,CA2,F,1160 
2bt4,CA2,G,1360 
2bt4,CA2,H,1560 
2bt4,CA2,I,1760 
2bt4,CA2,J,1960 
2bt4,CA2,K,2160 
2bt4,CA2,L,2360 
2bu7,TF3,A,1386 
2bxd,RWF,A,2001 
2bxd,RWF,B,2001 
2bxf,DZP,A,2001 
2bxf,DZP,B,2001 
2bzd,GAL,A,1649 
2bzd,GAL,B,1649 
2bzd,GAL,C,1649 
2c01,ATP,X,1136 
2c05,B4P,A,1136 
2c5v,CK4,A,1297 
2c5v,CK4,C,1297 
2c6t,DT5,A,1297 
2c6t,DT5,C,1297 
2c8h,NAD,A,1248 
2c8h,NAD,B,1250 
2c8l,TG1,A,1995 
2c8z,C2A,B,1250 
2ca2,SCN,A,263 
2caq,GSH,A,1208 
2cc8,RBF,A,1067 
2chn,NGT,A,1718 
2chn,NGT,B,1717 
2cig,1DG,A,200 
2cir,BG6,A,501 
2cis,TA6,A,1290 
2cjp,VPR,B,1322 
2cjw,GDP,A,999 
2cjw,GDP,B,999 
2cvq,NDP,A,334 
2cvq,NDP,B,1334 
2d4n,DUP,A,777 
2d82,TTR,A,201 
2dc6,73V,A,730 
2dc8,59A,A,590 
2dc9,74M,A,740 
2dca,75V,A,750 
2dcc,77B,A,770 
2dcd,78A,A,780 
2ddy,MDW,A,178 
2dg3,RAP,A,501 
2dg4,RAP,A,501 
2dg9,RAP,A,501 
2dkn,NAI,A,4000 
2dm5,ODI,A,312 
2du8,FAD,A,351 
2du8,FAD,B,1351 
2du8,FAD,G,2351 
2du8,FAD,J,3351 
2e22,MAN,A,1001 
2e4v,2CG,A,1001 
2e4v,2CG,B,2001 
2e4x,C5B,A,1001 
2e4x,C5B,B,2001 
2e4y,52A,A,1001 
2e4y,52A,B,2001 
2e9p,77A,A,1001 
2ear,TG1,A,1003 
2ei7,D93,A,700 
2ei8,DT8,A,700 
2eva,ADN,A,498 
2ewn,BTX,A,501 
2ewn,BTX,B,500 
2f25,DAN,A,1001 
2f25,DAN,B,1002 
2f27,DAN,A,1001 
2f27,DAN,B,1002 
2f29,DAN,A,381 
2f29,DAN,B,381 
2f2u,M77,A,501 
2f2u,M77,B,1501 
2f7a,CCU,B,1001 
2f7e,2EA,E,351 
2f7q,AOL,A,5009 
2f7x,4EA,E,351 
2f8f,GSH,A,212 
2f8f,GSH,B,301 
2fav,APR,B,477 
2ff7,ADP,A,708 
2fke,FK5,A,108 
2fmz,DPN,A,300 
2fnn,4MZ,A,264 
2fo0,P16,A,702 
2fs4,PZ1,B,805 
2fw4,HIS,A,500 
2fw4,HIS,B,501 
2fy4,COA,A,2000 
2fyt,SAH,A,549 
2g1o,2IG,A,885 
2g1o,2IG,B,886 
2g1s,4IG,A,885 
2g1s,4IG,B,886 
2g2h,P16,A,532 
2g2h,P16,B,532 
2g86,UMP,A,317 
2gbp,BGC,A,310 
2gc0,PAN,A,901 
2gc0,PAN,B,902 
2geh,NHY,A,300 
2giq,NN2,A,1001 
2giq,NN2,B,2001 
2gir,NN3,A,1001 
2gir,NN3,B,2001 
2gpu,OHT,A,459 
2gpv,OHT,A,500 
2gpv,OHT,B,501 
2gpv,OHT,C,502 
2gpv,OHT,D,503 
2gpv,OHT,E,504 
2gpv,OHT,F,505 
2gqg,1N1,A,501 
2gqg,1N1,B,502 
2gsr,GTS,A,208 
2gsr,GTS,B,208 
2gtm,LID,A,353 
2gtn,LIE,A,354 
2gz1,NAP,A,702 
2gz1,NAP,B,701 
2h04,4UN,A,401 
2h55,DZ8,A,1001 
2h9v,Y27,A,500 
2hc4,VDX,A,525 
2hkk,ALE,A,300 
2hpp,0G7,H,1 
2hpq,0G7,H,1 
2ht7,G39,A,800 
2ht8,G39,A,800 
2htq,ZMR,A,472 
2huw,YVN,A,203 
2huw,YVN,B,202 
2hwq,DRY,A,1101 
2hwr,DRD,A,101 
2hzq,STR,A,300 
2i30,SAL,A,1100 
2i4q,UA4,A,336 
2i4q,UA4,B,336 
2idz,ZID,A,300 
2igq,SAH,A,101 
2igq,SAH,B,102 
2ihk,CSF,A,1741 
2ilz,GTP,A,1001 
2itm,XUL,A,4930 
2itm,XUL,B,4931 
2ivv,PP1,A,3014 
2iw4,2PN,A,1315 
2iw4,2PN,B,1318 
2ixh,TRH,A,1185 
2ixh,TRH,B,1185 
2izf,BTN,B,300 
2izf,BTN,D,301 
2izg,BTN,B,300 
2izg,BTN,D,301 
2izh,BTN,B,300 
2izh,BTN,D,300 
2izi,BTN,A,300 
2izj,BTN,A,300 
2j14,GNI,A,1440 
2j14,GNI,B,1439 
2j1a,GAL,A,1768 
2j38,GS5,A,1245 
2j5f,DJK,A,3021 
2j7c,IDE,A,1446 
2j7c,IDE,B,1446 
2j9m,PY8,A,299 
2jai,CIR,A,1281 
2jav,5Z5,A,1280 
2jbz,COA,A,1126 
2jc1,698,A,600 
2jc1,698,B,600 
2jdc,CAO,A,1147 
2jdr,L20,A,1480 
2jfa,RAL,A,600 
2jfa,RAL,B,600 
2jff,LK2,A,1440 
2jig,PD2,A,1254 
2jlb,UDM,A,1569 
2jlb,UDM,B,1569 
2npa,MMB,A,1201 
2npa,MMB,C,2201 
2ntj,P1H,A,300 
2ntj,P1H,B,400 
2ntv,P1H,A,300 
2ntv,P1H,B,400 
2nv6,ZID,A,300 
2nxe,SAM,A,302 
2nxe,SAM,B,303 
2o1o,RIS,A,400 
2o1o,RIS,B,400 
2o5z,ANO,H,501 
2o8w,PL0,A,800 
2o99,GOA,A,902 
2o99,GOA,B,903 
2o99,GOA,C,904 
2o99,GOA,D,901 
2ob0,ACO,A,201 
2ob0,ACO,B,201 
2ob0,ACO,C,201 
2ocf,EST,A,596 
2of0,CMZ,A,390 
2oi4,JM1,X,1000 
2ojt,UBA,A,501 
2ojt,UBA,B,501 
2okg,G3H,B,501 
2oor,NAD,A,500 
2oor,NAD,B,600 
2oor,TXP,C,400 
2opn,SUF,A,901 
2orv,4TA,A,801 
2orv,4TA,B,802 
2oty,YAN,X,305 
2otz,1MR,X,203 
2ou0,MR3,X,303 
2our,CMP,A,778 
2ouy,CMP,A,779 
2ouz,C3D,A,999 
2ovh,AS0,A,301 
2p3t,993,B,500 
2p4t,NAP,A,157 
2p54,735,A,469 
2pho,TSZ,A,501 
2pjo,NMU,A,303 
2pk4,ACA,A,100 
2pob,GW4,A,478 
2pr2,DG1,A,300 
2pr3,237,A,1001 
2prg,BRL,A,1 
2prg,BRL,B,2 
2psw,COA,A,201 
2psw,COA,B,201 
2psw,COA,C,201 
2ptm,CMP,A,401 
2pw3,CMP,A,1 
2pw3,CMP,B,1 
2pyd,GLC,A,998 
2pzv,IPH,A,401 
2pzv,IPH,B,402 
2pzv,IPH,C,403 
2pzv,IPH,D,404 
2q1b,LSA,A,500 
2q58,ZOL,A,1 
2q58,ZOL,B,2 
2q59,240,A,5001 
2q59,240,B,7001 
2q5f,DTA,A,273 
2q5g,1FA,A,501 
2q5g,1FA,B,502 
2q5p,241,A,5001 
2q5p,241,B,7001 
2q5s,NZA,A,7001 
2q5s,NZA,B,5001 
2q6s,PLB,B,5001 
2q7i,TES,A,205 
2q7j,TES,A,203 
2q7k,TES,A,304 
2q7l,TES,A,155 
2qa6,KN2,A,1 
2qa6,KN2,B,1 
2qds,MCO,A,501 
2qeh,SRO,A,145 
2qfq,S3P,A,701 
2qfs,S3P,A,701 
2qis,RIS,A,901 
2qjr,PZF,A,802 
2qjr,PZF,B,802 
2qpl,BTY,A,292 
2qrv,SAH,A,1 
2qrv,SAH,D,4 
2qrv,SAH,E,5 
2qrv,SAH,H,8 
2qs1,UB1,A,603 
2qs1,UB1,B,602 
2qs2,UBF,A,603 
2qs2,UBF,B,602 
2qs3,UBE,A,603 
2qs3,UBE,B,602 
2qs4,LY5,A,260 
2qs4,LY5,B,259 
2qs4,LY5,C,259 
2qs4,LY5,D,260 
2qvd,BER,A,1811 
2qwh,G39,A,800 
2qwi,G20,A,800 
2qwj,G28,A,800 
2qwk,G39,A,800 
2qxs,RAL,A,600 
2qxs,RAL,B,600 
2qzo,KN1,A,1 
2qzo,KN1,B,1 
2r3r,6SC,A,501 
2rah,11P,A,356 
2rar,VN4,A,601 
2rav,WO6,A,801 
2rb5,WO6,A,801 
2rbk,VN4,A,601 
2rde,C2E,A,301 
2rde,C2E,B,301 
2rid,291,A,501 
2rid,291,B,502 
2rid,291,C,503 
2rtd,BTN,B,300 
2rtd,BTN,D,300 
2rte,BTN,B,300 
2rte,BTN,D,301 
2rtf,BTN,B,300 
2rtf,BTN,D,301 
2rtg,BTN,B,300 
2rtg,BTN,D,301 
2tcl,RO4,A,175 
2tct,CTC,A,222 
2tpl,HPP,B,600 
2uv0,OHN,E,1169 
2uv0,OHN,F,1169 
2uv0,OHN,G,1168 
2uv0,OHN,H,1169 
2uw9,GVP,A,1480 
2uzt,SS3,A,1351 
2uzu,L20,E,1351 
2uzw,SS4,E,1351 
2v4l,ABJ,A,2093 
2v4v,XYP,A,3051 
2v5v,FMN,A,170 
2v5v,FMN,B,170 
2v72,GAL,A,1140 
2v8x,MGQ,A,1218 
2v8x,MGQ,E,1218 
2v8y,MGV,A,1218 
2v8y,MGV,E,1218 
2vag,V25,A,1482 
2vdy,HCY,A,1384 
2vdy,HCY,B,1384 
2vhw,NAI,A,1373 
2vhw,NAI,B,1372 
2vhw,NAI,C,1372 
2vhw,NAI,D,1371 
2vhw,NAI,E,1374 
2vhw,NAI,F,1374 
2vkv,TDC,A,1206 
2vmg,MBG,A,1179 
2vnv,MMA,A,201 
2vnv,MMA,B,201 
2vnv,MMA,C,201 
2vnv,MMA,D,201 
2vnv,MMA,E,201 
2vqu,NOY,A,1866 
2vqu,NOY,B,1869 
2vqz,MGT,A,1483 
2vqz,MGT,B,1483 
2vqz,MGT,D,1483 
2vqz,MGT,E,1483 
2vqz,MGT,F,1483 
2vt5,ROK,A,1337 
2vt5,ROK,B,1337 
2vt5,ROK,C,1337 
2vt5,ROK,D,1337 
2vt5,ROK,E,1337 
2vt5,ROK,F,1337 
2vt5,ROK,G,1337 
2vt5,ROK,H,1337 
2vtz,COA,A,1393 
2vtz,COA,B,1393 
2vtz,COA,C,1393 
2vtz,COA,D,1393 
2vvz,DAN,A,1792 
2vvz,DAN,B,1792 
2w14,WR2,A,1204 
2w5k,NDP,A,1125 
2w5k,NDP,B,1125 
2w5l,NAP,A,1125 
2w5l,NAP,B,1125 
2w5y,SAH,A,4971 
2w5z,SAH,A,4971 
2wds,COA,A,1124 
2wdy,COA,A,1128 
2wge,TLM,A,1424 
2wgg,TLM,A,1417 
2wgg,TLM,B,1419 
2wgg,TLM,C,1417 
2wgg,TLM,D,1417 
2wgg,TLM,E,1417 
2wgg,TLM,F,1417 
2wgg,TLM,G,1419 
2wgg,TLM,H,1417 
2wip,P49,A,1299 
2wip,P49,C,1297 
2wkm,PFY,A,2345 
2wkv,COA,A,1397 
2wkv,COA,B,1399 
2wkv,COA,C,1393 
2wkv,COA,D,1395 
2wpu,KYT,A,400 
2wzg,UPG,A,1525 
2x05,X05,A,1900 
2x05,X05,B,1900 
2xc5,OYJ,A,1245 
2xk2,ADP,A,1226 
2xkw,P1B,A,1478 
2xkw,P1B,B,1475 
2xtm,GDP,A,1228 
2xtm,GDP,B,1227 
2xud,DME,A,1544 
2xuj,TZ5,A,1544 
2xuj,TZ5,B,1541 
2xuk,TZ5,A,1543 
2xuk,TZ5,B,1543 
2xxv,KAI,A,900 
2xxv,KAI,B,900 
2xxz,8XQ,A,3001 
2xxz,8XQ,B,3001 
2xya,7L4,A,1181 
2y33,UN9,A,901 
2y3f,BTN,A,1136 
2y7j,B49,A,1294 
2y7j,B49,B,1294 
2y7j,B49,C,1294 
2y7j,B49,D,1294 
2yd0,BES,A,1950 
2yi6,6QM,A,1225 
2yja,EST,B,1550 
2yjp,CYS,A,350 
2yjp,CYS,B,350 
2yjp,CYS,C,350 
2yly,SU4,A,1499 
2yly,SU4,B,1499 
2z2d,HSI,A,269 
2z4j,DHT,A,931 
2z4x,252,A,1101 
2z4x,252,B,1102 
2z7k,BGU,A,400 
2ze3,AKG,A,276 
2zff,53U,H,2001 
2zg0,50U,H,701 
2zgb,21U,H,1801 
2zhf,49U,H,501 
2zhq,27U,H,501 
2zi2,24U,H,801 
2ziq,26U,H,701 
2zlc,VDX,A,500 
2zmi,TT2,A,1 
2znk,31U,H,3001 
2znn,S44,A,901 
2zno,S44,A,901 
2zno,S44,B,902 
2zru,FMN,A,669 
2zru,FMN,B,669 
2zru,FMN,C,669 
2zru,FMN,D,669 
3akm,11D,A,132 
3akm,11D,B,132 
3akm,11D,C,132 
3akm,11D,D,132 
3am7,MGP,A,1000 
3amy,AGI,A,336 
3an3,M7S,A,1 
3an4,M7R,A,1 
3ayk,CGS,A,173 
3b0r,GW9,A,1 
3b0r,GW9,B,1 
3b0t,MCZ,A,1 
3b2r,VDN,A,1 
3b2r,VDN,B,1 
3b3k,LRG,A,1 
3b7l,M0N,A,901 
3b8i,OXL,A,288 
3b8i,OXL,B,288 
3b8i,OXL,C,288 
3b8i,OXL,D,288 
3b8i,OXL,E,288 
3b8i,OXL,F,288 
3bf6,SVR,H,301 
3bht,MFR,A,299 
3bht,MFR,C,299 
3bhu,MHR,A,299 
3bhu,MHR,C,299 
3bhv,VAR,A,299 
3bhv,VAR,C,299 
3bib,PSF,X,118 
3bir,2GP,A,105 
3biv,11U,H,999 
3blb,SWA,A,1048 
3bqm,BQM,B,1 
3bqm,BQM,C,1 
3bxd,INS,A,303 
3c13,EMO,A,400 
3c27,DKK,B,5000 
3c2l,F2A,A,338 
3c2m,F2A,A,338 
3c2y,S60,A,400 
3c31,KAI,A,401 
3c31,KAI,B,401 
3c32,KAI,A,401 
3c32,KAI,B,401 
3c33,KAI,A,401 
3c33,KAI,B,401 
3c34,KAI,A,401 
3c34,KAI,B,401 
3c35,KAI,A,401 
3c35,KAI,B,401 
3c36,KAI,A,401 
3c36,KAI,B,401 
3c7i,TVN,A,202 
3c8z,5CA,A,418 
3c8z,5CA,B,416 
3caq,NDP,A,327 
3caq,NDP,B,327 
3cb0,FMN,A,200 
3cb0,FMN,B,300 
3cbm,SAH,A,1 
3cbo,SAH,A,1 
3cdp,YRG,A,1 
3cds,GRR,A,1 
3cfq,DIF,A,1 
3cfq,DIF,B,1 
3cla,CLM,A,221 
3cld,GW6,A,1 
3cld,GW6,B,2 
3cs9,NIL,A,600 
3cs9,NIL,B,600 
3cs9,NIL,C,600 
3cs9,NIL,D,600 
3cut,179,A,998 
3cuu,376,A,998 
3cuv,475,A,998 
3cy3,JN5,A,501 
3d15,AK2,A,1 
3d57,4HY,A,500 
3d57,4HY,B,500 
3d5f,L41,A,501 
3d5f,L41,B,501 
3d6d,LRG,A,1 
3d76,NBB,A,121 
3dcu,O62,A,1 
3dle,GFA,A,999 
3dlg,GWE,A,999 
3dmx,BNZ,A,900 
3dn3,IBF,A,900 
3dn4,PIH,A,900 
3dna,PIH,A,900 
3drc,MTX,A,161 
3drc,MTX,B,361 
3dtw,A96,A,501 
3dtw,A96,B,502 
3dzu,9CR,A,7223 
3dzu,PLB,D,701 
3dzy,9CR,A,463 
3dzy,BRL,D,478 
3e00,9CR,A,7223 
3e00,GW9,D,7123 
3e7c,866,A,1 
3e7c,866,B,2 
3e7f,6PG,A,843 
3e7f,6PG,B,843 
3e88,G96,A,1 
3e88,G96,B,1 
3e9s,TTT,A,317 
3edz,INN,A,2 
3edz,550,B,1 
3efl,706,A,501 
3efl,706,B,502 
3ekk,GS2,A,1 
3en3,KAI,A,999 
3en6,KS5,B,2 
3ene,NPZ,A,1 
3epw,JMQ,A,1002 
3epw,JMQ,B,1003 
3epx,IMQ,A,1002 
3epx,IMQ,B,1003 
3eq0,2TS,H,901 
3etq,CMP,A,1 
3etq,CMP,B,1 
3ewd,MCF,A,372 
3f4j,GLY,A,601 
3f4x,KLT,A,300 
3f5x,EZV,A,300 
3f5x,EZV,C,300 
3ffa,GSP,A,1 
3fjx,S3P,A,428 
3fk0,S3P,A,428 
3fk7,4DM,A,210 
3fk7,4DM,B,210 
3fkl,FKL,A,361 
3fli,33Y,A,1 
3fln,3FN,C,361 
3flq,891,A,361 
3fls,FLS,A,361 
3flw,FLW,A,361 
3fly,FLY,A,361 
3flz,FLZ,A,361 
3fmh,533,A,361 
3fmk,FMK,A,361 
3fsk,RO6,A,450 
3fzh,3BH,A,401 
3fzk,3BK,A,401 
3fzl,3FD,A,401 
3g1o,RF1,A,237 
3gay,P6T,A,327 
3gay,P6T,B,329 
3gbk,2PQ,A,1385 
3gey,P34,A,701 
3gey,P34,B,701 
3gi3,B10,A,391 
3gn0,DMO,A,551 
3gn0,DMO,B,552 
3gni,ATP,B,1 
3gok,P4O,A,1 
3gok,P4O,B,1 
3gok,P4O,C,1 
3gok,P4O,D,1 
3gok,P4O,E,1 
3gok,P4O,F,1 
3gok,P4O,G,1 
3gok,P4O,H,1 
3gok,P4O,I,1 
3gok,P4O,J,1 
3gok,P4O,K,1 
3gok,P4O,L,1 
3gul,PYJ,A,501 
3gul,PYJ,B,501 
3gum,PXY,A,501 
3gum,PXY,B,501 
3guo,IPH,A,501 
3guo,IPH,B,501 
3gxf,IFM,B,517 
3gxf,IFM,D,512 
3gy5,BRN,A,246 
3gy6,BRN,A,1 
3gy8,BRN,A,1 
3h0c,PS4,A,1 
3h0c,PS4,B,1 
3h7w,018,A,1 
3h82,020,A,351 
3h9r,TAK,A,1 
3ha8,5JZ,A,361 
3had,NAD,A,350 
3had,NAD,B,750 
3hc5,82X,A,1 
3hc6,088,A,1 
3hgm,ATP,A,148 
3hgm,ATP,B,148 
3hgm,ATP,C,148 
3hgm,ATP,D,148 
3hhx,PYG,A,283 
3hj8,4CL,A,282 
3hjq,MBD,A,283 
3hjs,MCT,A,283 
3hm1,J3Z,A,2 
3hm1,J3Z,B,1 
3ho0,DKD,A,1 
3hod,ZZH,A,1 
3ht6,JZ0,A,167 
3ht7,JZ1,A,167 
3ht8,JZ2,A,167 
3htb,JZ4,A,167 
3hu8,261,A,167 
3hua,JZ9,A,165 
3huk,J0Z,A,166 
3huq,J1Z,A,164 
3hvo,VGI,A,564 
3hvo,VGI,B,564 
3hxg,GTA,A,1 
3hzf,B72,A,1 
3i4v,3CE,A,282 
3i7s,PYR,A,298 
3i7s,PYR,B,302 
3i7z,VO4,A,322 
3i80,VO4,A,322 
3i8p,840,A,501 
3i8v,0MO,A,1 
3i8v,0MO,B,2 
3i8w,CB5,A,100 
3iai,AZM,A,263 
3iai,AZM,B,263 
3iai,AZM,C,263 
3iai,AZM,D,263 
3iak,EV1,A,415 
3ilz,B72,A,1 
3imd,FYQ,A,1 
3imd,FYQ,B,1 
3imj,AYI,A,1 
3imj,AYI,B,1 
3in7,AYQ,A,1 
3in7,AYQ,C,1 
3in8,FYI,A,1 
3inq,X0J,A,210 
3inq,X0J,B,210 
3inw,JZB,A,2001 
3inx,JZC,A,2001 
3isd,F2A,A,412 
3isn,EDM,C,561 
3iti,BRV,A,301 
3ix1,NFM,A,401 
3ix1,NFM,B,401 
3ix3,OHN,A,200 
3ix3,OHN,B,200 
3ix4,TX1,A,174 
3ix4,TX1,B,174 
3ix4,TX1,C,174 
3ix4,TX1,D,174 
3ix4,TX1,E,174 
3ix4,TX1,F,174 
3ix4,TX1,G,174 
3ix4,TX1,H,174 
3ixb,BZB,A,363 
3ixb,BZB,B,362 
3k2p,JTH,A,1001 
3k2p,JTH,B,1001 
3k7k,KCS,A,301 
3k87,FAD,A,600 
3k87,FAD,B,500 
3kap,FMN,A,150 
3kfj,YEN,A,1 
3kfm,KAI,A,258 
3klo,C2E,A,225 
3klo,C2E,B,225 
3klo,C2E,C,225 
3klo,C2E,D,225 
3kmg,538,A,1 
3kmg,538,D,1 
3kmr,EQN,A,1 
3kmz,EQO,A,2 
3kmz,EQO,B,1 
3ks9,Z99,A,1 
3ks9,Z99,B,1 
3kyt,HC2,A,1001 
3kzl,ACO,A,266 
3kzl,ACO,B,266 
3kzl,ACO,C,266 
3kzl,ACO,D,266 
3l03,4OH,A,551 
3l03,4OH,B,2 
3l0j,HC9,A,1 
3l0l,HC3,A,1001 
3l0l,HC3,B,1001 
3l14,I7B,A,301 
3l1b,635,A,1 
3lbd,9CR,A,424 
3lfa,1N1,A,361 
3lfb,Z87,A,361 
3lfc,Z86,A,361 
3lfd,Z85,A,361 
3lfe,Z84,A,361 
3lff,Z83,A,362 
3lmy,CP6,A,562 
3lmy,CP6,B,563 
3luh,5GP,A,3 
3luh,5GP,B,4 
3luh,PO4,C,2 
3luj,U5P,A,1 
3luj,U5P,B,1 
3luj,U5P,C,1 
3lxn,MI1,A,1 
3lxp,IZA,A,1183 
3m42,HGF,A,365 
3m5s,CO3,A,501 
3m7r,VDX,A,425 
3m98,E02,A,263 
3m9x,XYP,A,400 
3ma0,XYP,A,400 
3ma0,XYP,B,401 
3ma0,XYP,C,402 
3mdj,BES,A,1001 
3mdj,BES,B,1001 
3mdj,BES,C,1001 
3mee,T27,A,561 
3meg,T27,A,561 
3mg5,BTN,A,5100 
3mg5,BTN,B,5200 
3mg5,BTN,C,5300 
3mg5,BTN,D,5400 
3mq4,Z99,A,514 
3mtf,A3F,A,1 
3mtf,A3F,B,501 
3mwl,8OX,B,209 
3my0,LDN,A,600 
3my0,LDN,B,600 
3my0,LDN,C,600 
3my0,LDN,D,600 
3my0,LDN,E,600 
3my0,LDN,F,600 
3my0,LDN,G,600 
3my0,LDN,H,600 
3my0,LDN,I,600 
3my0,LDN,J,600 
3my0,LDN,K,600 
3my0,LDN,L,600 
3my0,LDN,M,600 
3my0,LDN,N,600 
3my0,LDN,O,600 
3my0,LDN,P,600 
3my0,LDN,Q,600 
3my0,LDN,R,600 
3my0,LDN,S,600 
3my0,LDN,T,600 
3my0,LDN,U,600 
3my0,LDN,V,600 
3my0,LDN,W,600 
3my0,LDN,X,600 
3n0m,ACO,A,266 
3n0m,ACO,B,266 
3n0s,ACO,A,266 
3n0s,ACO,B,266 
3n0s,ACO,C,266 
3n0s,ACO,D,266 
3n0t,OPY,A,1001 
3n0t,OPY,B,1001 
3n0t,OPY,C,1001 
3n0t,OPY,D,1001 
3n9j,EAA,A,210 
3n9j,EAA,B,214 
3nax,MP7,A,363 
3nq1,KOJ,A,1351 
3nq1,KOJ,B,1351 
3nun,JMZ,A,361 
3nz0,IZA,A,1 
3o0i,P54,A,237 
3o2x,3O2,A,1801 
3o2x,3O2,B,1801 
3o2x,3O2,C,1801 
3o2x,3O2,D,1801 
3o5r,FK5,A,1001 
3o8t,BMU,A,361 
3o8u,BMU,A,361 
3obj,BMU,A,361 
3oc1,BMU,A,361 
3ocs,746,A,999 
3oew,NAD,A,4345 
3oey,NAD,A,4345 
3oez,STI,A,601 
3oez,STI,B,601 
3of2,NAD,A,4345 
3ogj,CMP,A,250 
3ogj,CMP,B,250 
3ogj,PO4,C,250 
3ogj,PO4,D,250 
3ohl,OHL,A,6 
3oho,Z79,A,252 
3oll,EST,A,600 
3oll,EST,B,600 
3ols,EST,A,600 
3ols,EST,B,600 
3omo,WV7,A,1 
3omo,WV7,B,1 
3omp,W14,A,1 
3omp,W14,B,1 
3omq,W23,A,1 
3omq,W23,B,1 
3oo6,GAL,A,405 
3oo6,GAL,B,405 
3ou9,BCT,A,215 
3ow5,BCT,A,301 
3oz0,3OZ,A,1 
3ozc,4CT,A,284 
3ozd,4CT,A,284 
3ozd,4CT,B,284 
3ozk,T44,A,128 
3ozk,T44,B,128 
3ozl,FLF,A,501 
3ozl,FLF,B,502 
3p1f,3PF,A,1198 
3p1f,3PF,B,1198 
3p3c,3P3,A,501 
3p3e,3P3,A,501 
3p5a,IT2,A,263 
3p89,89P,A,1 
3pe3,UDP,A,1201 
3pe3,UDP,B,1201 
3pe3,UDP,C,1201 
3pe3,UDP,D,1201 
3pe4,UDP,A,1212 
3pe4,UDP,C,1212 
3pe6,ZYH,A,304 
3pg3,DG7,A,362 
3phb,IM5,E,290 
3phb,IM5,Q,290 
3phb,IM5,S,291 
3phb,IM5,T,291 
3phb,IM5,U,290 
3phb,IM5,Y,292 
3plz,470,A,1 
3plz,470,B,1 
3pmh,0G7,B,301 
3pta,SAH,A,1601 
3pyh,3YH,A,481 
3pzh,EMO,A,1 
3q0t,LGE,A,1 
3q0t,LGE,B,2 
3q0u,LL3,A,217 
3q0v,LL4,A,217 
3q0v,LL4,B,217 
3q3s,O8B,A,217 
3q8w,AZV,A,1 
3q8w,AZV,B,1 
3q9n,COA,A,1072 
3q9n,COA,B,1072 
3q9o,NAD,A,700 
3q9u,COA,A,1070 
3q9u,COA,B,1070 
3q9w,EMO,A,400 
3q9x,EMO,A,400 
3q9x,EMO,B,401 
3q9y,TXQ,A,337 
3q9z,TXQ,A,340 
3q9z,TXQ,B,340 
3qlg,1N1,A,601 
3qlg,1N1,B,601 
3qp5,HLC,A,266 
3qp5,HLC,B,266 
3qp5,HLC,C,266 
3qp5,HLC,D,266 
3qud,N3F,A,361 
3qug,GIX,A,700 
3qug,GIX,B,700 
3qx3,EVP,A,1 
3qx3,EVP,D,1 
3qyk,IE2,A,263 
3r30,CD2,A,1 
3r51,MMA,A,200 
3r52,GYP,A,200 
3r52,GYP,B,200 
3r52,GYP,C,200 
3r52,GYP,D,200 
3r5r,F42,A,1 
3r5r,F42,B,1 
3r5r,F42,C,1 
3r5r,F42,D,1 
3r5r,F42,E,1 
3r7x,QSN,A,264 
3r7x,GLU,B,264 
3r8a,HIG,A,1 
3r8a,HIG,B,1 
3rdd,EA4,A,166 
3rdm,BTN,A,300 
3rfm,CFF,A,330 
3rgf,BAX,A,465 
3rhj,NAP,A,101 
3rhj,NAP,B,101 
3rhj,NAP,C,101 
3rhj,NAP,D,101 
3rho,NAP,A,903 
3rho,NAP,B,903 
3rho,NAP,C,903 
3rho,NAP,D,903 
3rhq,NAP,A,903 
3rhq,NAP,B,903 
3rhq,NAP,C,903 
3rhq,NAP,D,903 
3rhr,NDP,A,903 
3rhr,NDP,B,903 
3rhr,NDP,C,903 
3rhr,NDP,D,903 
3rib,SAH,A,445 
3rib,SAH,B,445 
3rj5,NAD,A,850 
3rj9,NAD,A,850 
3rj9,NAD,B,850 
3rj9,NAD,C,850 
3rj9,NAD,D,850 
3rj9,NAD,E,850 
3rj9,NAD,F,850 
3rjf,F2A,A,338 
3rlj,RLJ,A,1 
3rlw,S28,H,1 
3rm2,S00,H,1 
3rml,M31,H,1 
3rmm,M32,H,1 
3rmn,M41,H,1 
3rmo,S04,H,1 
3rps,4B0,A,336 
3rss,NAP,A,492 
3rts,KLG,A,0 
3rtt,KLH,A,0 
3rut,59G,A,1 
3ruu,37G,A,1 
3rvf,034,A,473 
3ry2,BTN,A,5001 
3ry2,BTN,B,5001 
3rye,UNR,A,901 
3sd0,TSK,A,400 
3sd0,TSK,B,400 
3sgu,5FU,A,1000 
3si2,PBD,A,999 
3sj7,NDP,A,245 
3sj7,NDP,B,245 
3sl6,JN8,A,440 
3sl6,JN8,B,440 
3sl6,JN8,C,441 
3sl6,JN8,D,15 
3sm9,Z99,A,485 
3smr,NP7,A,1000 
3smr,NP7,B,1000 
3smr,NP7,C,1000 
3smr,NP7,D,1000 
3soa,DB8,A,445 
3sp7,03B,A,210 
3ssj,FNU,A,248 
3svg,ODR,A,169 
3sw4,18K,A,299 
3sw6,5FU,A,1000 
3sw7,19K,A,299 
3swc,SAH,A,202 
3swc,SAH,B,201 
3sx0,SX0,A,421 
3sxr,1N1,A,1 
3sxr,1N1,B,2 
3syu,2GP,A,105 
3szt,OHN,A,238 
3szt,OHN,B,239 
3t4l,ZEA,A,400 
3t4l,ZEA,B,400 
3t4q,ZEA,A,400 
3t4q,ZEA,B,400 
3t4t,WA1,A,400 
3t4t,WA1,B,400 
3t5f,M34,H,1 
3t5z,B09,A,263 
3t74,UBY,A,401 
3t7s,SAM,A,300 
3t7s,SAM,B,300 
3t7s,SAM,C,300 
3t7s,SAM,D,300 
3t7t,SAH,A,300 
3t7t,SAH,B,300 
3t7t,SAH,C,300 
3t7t,SAH,D,300 
3t8g,UBT,A,401 
3t96,IWD,B,601 
3t96,IWD,D,601 
3t96,IWD,F,601 
3tax,UDP,A,1212 
3tax,UDP,C,1212 
3td3,GLY,A,101 
3td3,GLY,B,201 
3td3,GLY,C,340 
3td3,GLY,D,401 
3td3,GLY,E,501 
3td3,GLY,F,601 
3td3,GLY,G,701 
3td3,GLY,H,801 
3tfy,COA,A,201 
3tfy,COA,B,201 
3tfy,COA,C,201 
3tgg,0H3,A,999 
3tj2,TJ2,A,1 
3tj2,TJ2,C,1 
3tjp,13K,A,1 
3tk5,D1Q,A,700 
3tk6,D46,A,700 
3tnw,F18,A,299 
3tnw,F18,C,299 
3tub,FPU,A,999 
3tuc,FPW,A,999 
3tud,FPX,A,1 
3tuh,TUH,A,1 
3tuh,TUH,B,2 
3tz7,AQB,A,601 
3tz7,AQB,B,601 
3tz8,AQM,A,1 
3tz8,AQM,B,1 
3tz9,AQU,A,1 
3tz9,AQU,B,1 
3u0z,CMP,A,646 
3u0z,CMP,B,646 
3u11,CMP,A,846 
3u11,CMP,B,846 
3u7c,BCT,A,303 
3u98,BJA,H,1 
3u9w,28P,A,7001 
3u9y,09L,A,1165 
3uel,A1R,A,1001 
3uel,A1R,B,1001 
3uel,A1R,C,1001 
3uj0,I3P,A,1000 
3uj0,I3P,B,1000 
3ujs,XSP,A,602 
3ujs,0V5,B,602 
3ulk,NDP,A,492 
3ulk,NDP,B,492 
3uo0,G16,A,398 
3uqo,3YH,A,481 
3uqv,3YH,A,481 
3ur4,0BW,A,1000 
3ur4,0BW,B,1000 
3uu7,2OH,A,1 
3uu7,2OH,B,1 
3uua,0CZ,A,1 
3uua,0CZ,B,1 
3uud,EST,A,600 
3uud,EST,B,600 
3uuz,0CB,A,481 
3uuz,0CB,B,481 
3uvv,T3,A,501 
3uvv,9CR,B,501 
3uwb,BB2,A,154 
3uwn,UWN,A,601 
3uwp,5ID,A,421 
3v13,3YH,A,481 
3v2j,AZM,A,302 
3v2m,AZM,A,303 
3v5w,8PR,A,701 
3vg9,ZMA,A,401 
3vga,ZMA,A,401 
3vgw,NVZ,A,1124 
3vgw,NVZ,B,1124 
3vgw,NVZ,C,1124 
3vgw,NVZ,D,1124 
3vgw,NVZ,E,1124 
3vgw,NVZ,F,1124 
3vgw,NVZ,G,1124 
3vgw,NVZ,H,1124 
3vhh,VHH,A,1124 
3vhh,VHH,B,1124 
3vhh,VHH,C,1124 
3vhh,VHH,D,1124 
3vhi,VHI,A,1124 
3vhi,VHI,B,1124 
3vhi,VHI,C,1124 
3vhi,VHI,D,1124 
3vi8,13M,A,1 
3vn2,TLS,A,501 
3vng,FUU,A,301 
3vnh,FUU,A,301 
3vs4,VSF,A,603 
3vs4,VSF,B,603 
3vso,EK1,A,501 
3vsp,EK8,A,501 
3vt3,VDX,A,500 
3vt7,VDX,A,500 
3vw8,DF6,A,1401 
3vzc,UUL,A,1001 
3vzc,UUL,B,1001 
3vzc,UUL,C,1001 
3vzc,UUL,D,1001 
3vzc,UUL,E,1001 
3vzc,UUL,F,1001 
3w3m,RX8,A,901 
3w51,AJ2,A,1201 
3w51,AJ2,B,1201 
3wcj,E5S,A,901 
3wcj,E5S,B,401 
3wcj,E5S,C,401 
3wcj,E5S,D,401 
3wcj,E5S,E,401 
3wcj,E5S,F,401 
3wcm,ER4,A,901 
3wcm,ER4,B,401 
3wcm,ER4,C,401 
3wcm,ER4,D,401 
3wcm,ER4,E,401 
3wcm,ER4,F,401 
3wd3,A1L,A,501 
3wez,N8V,A,706 
3wez,N8V,B,706 
3wez,N8V,C,706 
3wez,N8V,D,706 
3wik,LCT,A,401 
3wjx,NUP,A,301 
3wjy,NUP,A,301 
3wjz,NUP,A,301 
3wn4,D87,A,901 
3wt6,YA1,A,501 
3wyp,BTN,A,1001 
3wyp,BSO,B,1001 
3wyp,BSO,C,1001 
3wyp,BTN,D,1001 
3wyq,BTN,A,1001 
3wyq,BTN,B,1001 
3wzd,LEV,A,1201 
3wze,BAX,A,1201 
3zsg,T75,A,400 
3zsh,469,A,400 
3zsi,52P,A,1000 
3zvu,A8S,A,192 
3zy3,GDP,A,1384 
3zy3,GDP,B,1381 
3zy6,GFB,A,1381 
4a41,GAL,A,2495 
4a5s,N7F,A,901 
4a5s,N7F,B,901 
4a91,GLU,A,301 
4a9l,P9L,A,1171 
4a9y,AQZ,A,1354 
4ac2,43F,A,1125 
4ac2,43F,B,1125 
4ac4,HKA,A,1125 
4ac4,HKA,B,1125 
4ajp,88N,A,1332 
4ajp,88N,B,1333 
4ajp,88N,C,1334 
4ajp,88N,D,1332 
4alh,A9P,A,1185 
4alh,A9P,B,1184 
4alh,A9P,C,1183 
4anp,3QI,A,1427 
4ans,VGH,A,9000 
4aoj,V4Z,A,900 
4aoj,V4Z,B,900 
4aoj,V4Z,C,900 
4apu,OR8,A,1933 
4apu,A2K,B,1933 
4avk,FVQ,A,201 
4avk,FVQ,B,201 
4ayk,CGS,A,173 
4b1l,FRU,A,1678 
4b3o,EFZ,A,1557 
4b8m,VX6,A,1359 
4b8m,VX6,B,1359 
4b99,R4L,A,1394 
4bbx,LKF,A,1760 
4bbx,LKF,B,1760 
4bdm,KAI,A,900 
4bdm,KAI,B,900 
4bdm,KAI,C,900 
4bdm,KAI,D,900 
4bdr,KAI,A,900 
4bdr,KAI,B,900 
4bfs,ZVS,A,501 
4bft,ZVT,A,501 
4bft,ZVT,B,501 
4bfu,ZVU,A,501 
4bfu,ZVU,B,501 
4bfv,ZVV,A,501 
4bfv,ZVV,B,501 
4bfw,ZVW,A,501 
4bfw,ZVW,B,501 
4bfx,ZVX,A,501 
4bfx,ZVX,B,501 
4bge,PYW,A,1270 
4bge,PYW,B,1270 
4bge,PYW,C,1270 
4bge,PYW,D,1270 
4bge,PYW,E,1270 
4bge,PYW,F,1270 
4bgi,I4I,A,1270 
4bgi,I4I,B,1270 
4bgi,NAD,C,1270 
4bgi,NAD,D,1270 
4bgi,NAD,E,1270 
4bgi,I4I,F,1270 
4blj,70B,A,1251 
4bqj,XKL,A,1225 
4btj,ADP,A,1337 
4btj,ATP,B,1338 
4bu3,F40,A,2165 
4bu3,F40,B,2165 
4bu5,3F4,A,2162 
4bu5,3F4,B,2162 
4bu6,RGK,A,2165 
4bu6,RGK,B,2165 
4bu7,25F,A,2165 
4bu7,25F,C,2165 
4bu8,27F,A,2165 
4bu8,27F,C,2165 
4bu9,08C,A,2165 
4bu9,08C,B,2165 
4bua,91F,A,2163 
4bua,91F,C,2163 
4bud,29F,A,2165 
4bud,29F,C,2165 
4bue,JQF,A,2166 
4bue,JQF,B,2165 
4buf,F36,A,2162 
4buf,F36,B,2162 
4bui,W2E,A,2166 
4bui,W2E,C,2165 
4bus,32F,A,3165 
4bus,32F,B,3165 
4but,31F,A,3165 
4but,31F,B,3165 
4buu,F38,A,2162 
4buu,F38,B,2162 
4buv,16I,A,2165 
4buv,16I,C,2165 
4buw,F33,A,2167 
4buw,F33,B,2165 
4bux,F35,A,2166 
4bux,F35,C,2165 
4buy,F37,A,2164 
4buy,F37,B,2164 
4bz6,SHH,A,700 
4bz6,SHH,B,700 
4bz6,SHH,C,700 
4bz6,SHH,D,700 
4bz8,J38,A,700 
4bz8,J38,B,700 
4bz8,J38,C,700 
4bz8,J38,D,700 
4c02,TAK,A,1507 
4c1i,EH9,A,1906 
4c1i,EH9,B,1900 
4c1i,EH9,C,1900 
4c1i,EH9,D,1900 
4c2p,FUC,B,4 
4c2p,X8Z,A,709 
4c49,HCY,A,1384 
4c49,HCY,B,1384 
4c49,HCY,C,1384 
4c49,HCY,D,1384 
4c8b,0LI,A,1000 
4c8b,0LI,B,1000 
4cb5,93G,A,1484 
4ccb,OFG,A,2401 
4ccu,AWF,A,1500 
4cfk,LY2,A,1170 
4cfn,JYM,A,1298 
4cfn,JYM,C,1295 
4ci4,Y1N,A,1468 
4ci5,Y1N,A,1478 
4ci5,Y1N,B,1478 
4cj5,4VW,A,1216 
4cj5,4VW,B,1214 
4ckl,SM8,A,1522 
4co0,ADP,A,113 
4co0,ADP,B,113 
4co1,ADP,A,113 
4co1,ADP,B,113 
4co2,ADP,A,113 
4co2,ADP,B,113 
4co3,ATP,A,113 
4co3,ATP,B,113 
4cqm,NAP,A,301 
4cqm,NAP,B,301 
4cqm,NAP,C,301 
4cqm,NAP,D,301 
4cqm,NAP,E,301 
4cqm,NAP,F,301 
4cqm,NAP,G,301 
4cqm,NAP,H,301 
4cqm,NAP,I,301 
4cqm,NAP,J,301 
4cqm,NAP,K,301 
4cqm,NAP,L,301 
4cqm,NAP,M,301 
4cqm,NAP,N,301 
4cqm,NAP,O,301 
4cqm,NAP,P,301 
4crz,ACO,B,1129 
4cs0,ACO,B,1128 
4csv,STI,A,1265 
4ctb,KVC,A,2402 
4ctc,J99,A,2402 
4cth,RDF,A,1759 
4cv8,3D7,A,1795 
4cv9,W2K,A,1795 
4cva,WBI,A,1795 
4cyd,CMP,A,1228 
4cyd,CMP,B,1228 
4cyd,CMP,C,1228 
4cyd,CMP,D,1226 
4d0l,093,A,2002 
4d0l,GSP,B,2000 
4d0l,093,C,2002 
4d0l,GSP,D,2000 
4d0l,093,E,2002 
4d0l,GSP,F,2000 
4d0m,093,A,2002 
4d0m,GSP,B,2000 
4d0m,093,C,2002 
4d0m,093,c,2002 
4d0m,GSP,d,2000 
4d0m,GSP,D,2000 
4d0m,093,G,2002 
4d0m,093,g,2002 
4d0m,GSP,h,2000 
4d0m,GSP,H,2000 
4d0m,093,I,2002 
4d0m,GSP,J,2000 
4d0m,093,M,2002 
4d0m,GSP,N,2000 
4d0m,093,O,2002 
4d0m,GSP,P,2000 
4d0m,093,Q,2002 
4d0m,GSP,R,2000 
4d0m,093,S,2002 
4d0m,GSP,T,2000 
4d0m,093,W,2002 
4d0m,GSP,X,2000 
4d0m,093,Y,2002 
4d0m,GSP,Z,2000 
4d6q,PD2,A,1343 
4d7m,TDC,A,222 
4d7n,TDC,A,222 
4d81,ADP,A,1364 
4d9w,X32,A,401 
4ddn,AMG,A,200 
4ddn,AMG,B,200 
4ddn,AMG,C,200 
4ddn,AMG,D,200 
4dfr,MTX,A,161 
4dfr,MTX,B,162 
4did,GDP,A,200 
4dm6,TTB,A,501 
4dm6,TTB,B,1501 
4dmx,0LB,A,301 
4do0,DZA,A,501 
4don,3PF,A,201 
4dpe,NGH,B,313 
4dpr,X8Z,A,702 
4drq,0OS,A,201 
4dw6,0MN,A,301 
4dz7,D02,A,303 
4e4m,0NH,A,1201 
4e4m,0NH,B,1201 
4e4m,0NH,D,1201 
4e4m,0NH,E,1201 
4e5q,0NM,A,302 
4e73,0NR,A,401 
4edf,UPG,A,501 
4edf,UPG,B,501 
4edf,UPG,C,501 
4edf,UPG,D,501 
4ejd,1F1,A,102 
4ejk,IOP,A,101 
4ek4,1CK,A,301 
4ek5,03K,A,300 
4ek6,10K,A,301 
4ek8,16K,A,301 
4ekl,0RF,A,501 
4ekv,BTN,A,201 
4ema,BRL,A,601 
4er0,AW1,A,501 
4er3,0QK,A,401 
4er6,AW2,A,502 
4eut,BX7,A,401 
4eut,BX7,B,401 
4ey5,HUP,A,604 
4ey5,HUP,B,605 
4ey6,GNT,A,604 
4ey6,GNT,B,605 
4ey7,E20,A,604 
4ey7,E20,B,605 
4f1y,CNI,A,401 
4f1y,CNI,C,401 
4f22,KAI,A,301 
4f29,QUS,A,301 
4f2o,QUS,A,301 
4f2p,2EL,A,301 
4f2p,2EL,B,301 
4f2q,QUS,A,301 
4f31,KAI,B,301 
4f31,KAI,D,301 
4f3b,GLU,A,301 
4f3g,KAI,A,301 
4f5p,F2A,A,404 
4f9b,0SY,A,601 
4f9b,0SY,C,601 
4f9c,0SX,A,601 
4fbp,AMP,A,338 
4fbp,AMP,B,338 
4fbp,AMP,D,338 
4fbp,AMP,C,338 
4fco,0U4,A,504 
4ffw,715,A,801 
4ffw,715,B,801 
4fki,09K,A,301 
4fkl,CK2,A,300 
4fko,20K,A,301 
4fkp,LS5,A,301 
4fkq,42K,A,301 
4fkr,45K,A,301 
4fkv,61K,A,301 
4fkw,62K,A,301 
4fl7,BHO,A,304 
4fsn,A58,A,301 
4fsr,HKC,A,300 
4fst,HK4,A,301 
4fsw,HK6,A,301 
4fsz,HK8,A,301 
4ft0,HK9,A,301 
4ft5,H2K,A,300 
4ft7,H3K,A,301 
4ft9,H4K,A,300 
4fta,H5K,A,301 
4fto,3HK,A,301 
4ftr,5HK,A,301 
4ftt,6HK,A,301 
4ftu,7HK,A,301 
4fu7,1UP,A,305 
4fu8,2UP,A,301 
4fu9,675,A,313 
4fua,PGH,A,217 
4fub,4UP,A,301 
4fuc,239,A,301 
4fud,6UP,A,301 
4fue,7UP,A,301 
4fuf,8UP,A,301 
4fug,9UP,A,301 
4fuh,1U2,A,301 
4fui,UI3,A,301 
4fuj,1U9,A,301 
4fux,E75,A,401 
4fuy,EK2,A,401 
4fv0,EK3,A,401 
4fv1,EK4,A,401 
4fv2,EK5,A,401 
4fv4,EK7,A,401 
4fv5,EK9,A,401 
4fv6,E57,A,401 
4fv8,E63,A,401 
4fv9,E71,A,401 
4fw3,L52,A,302 
4fw3,L52,B,301 
4fw3,L52,C,301 
4fw3,L52,D,302 
4fw4,3P3,A,301 
4fw4,3P3,B,302 
4fw4,3P3,C,302 
4fw4,3P3,D,302 
4fw5,L58,A,302 
4fw5,L58,B,302 
4fw5,L58,C,302 
4fw5,L58,D,302 
4fw6,L59,A,302 
4fw6,L59,B,302 
4fw6,L59,C,302 
4fw6,L59,D,302 
4fw7,L63,A,302 
4fw7,L63,B,403 
4fw7,L63,C,302 
4fw7,L63,D,302 
4fx3,60K,A,301 
4fx3,60K,C,301 
4fyr,BES,A,1014 
4fz7,0VH,A,701 
4g0u,ASW,F,101 
4g0u,ASW,B,1301 
4g0w,AKE,F,101 
4g0w,AKE,D,101 
4g1w,G1W,A,401 
4g2i,0VQ,A,501 
4g6n,EK0,A,401 
4g7a,AZM,A,302 
4g7a,AZM,B,302 
4g9l,NGH,B,307 
4g9r,B1E,A,801 
4g9r,B1E,B,801 
4gbr,CAU,A,500 
4gd9,BTN,A,5001 
4gd9,BTN,B,5001 
4gd9,BTN,C,5001 
4gd9,BTN,D,5001 
4gda,BTN,A,5001 
4gda,BTN,B,5001 
4gfg,0XF,A,701 
4gpj,0Q1,A,201 
4gq3,0RO,A,601 
4grb,0XG,A,402 
4guy,KLJ,A,306 
4gv0,8ME,A,601 
4gv4,MEJ,A,601 
4gv7,MEW,A,1101 
4gv7,MEW,B,1101 
4gv7,MEW,C,1101 
4gv7,MEW,D,1101 
4gxk,F2A,A,404 
4gyw,UDP,A,1101 
4gyw,UDP,C,1101 
4h57,0PJ,A,406 
4h80,04T,A,501 
4h80,04T,B,501 
4h80,04T,C,501 
4h80,04T,D,501 
4h80,04T,E,501 
4h80,04T,F,501 
4h80,04T,G,501 
4h80,04T,H,501 
4ha9,NDP,A,301 
4hee,14R,X,501 
4hjo,AQ4,A,1001 
4hjs,18J,A,201 
4hjs,18J,B,201 
4hle,17V,A,1201 
4hse,ADP,A,602 
4hxn,1A7,A,201 
4hxx,1AY,A,405 
4i0i,957,A,501 
4i0i,957,B,501 
4i0i,957,C,501 
4i0j,842,A,505 
4i23,1C9,A,9001 
4i24,1C9,A,9001 
4i24,1C9,B,9001 
4i51,SAH,A,3001 
4i51,SAH,B,3001 
4i53,1C1,A,501 
4i53,1C1,B,501 
4i6g,FAD,A,900 
4i6g,FAD,B,900 
4i89,1FL,A,201 
4i89,1FL,B,201 
4ia9,IA9,A,401 
4ib6,DAO,A,201 
4ic0,GDE,A,401 
4ic0,GDE,C,401 
4id7,1G0,A,401 
4ifn,12O,X,701 
4ihl,1F5,A,302 
4ihl,1F5,B,302 
4ihp,1FB,A,601 
4ilx,1EZ,A,303 
4im2,BX7,A,701 
4im3,BX7,A,701 
4iph,1FJ,A,201 
4iqk,IQK,A,701 
4ite,TEY,A,501 
4itf,TFY,A,501 
4itm,ATP,A,401 
4iu6,FZ1,A,405 
4iw0,BX7,A,701 
4iwp,BX7,A,701 
4iwq,1FV,A,701 
4j1r,I5R,A,502 
4j1r,I5R,B,502 
4j1r,I5R,C,502 
4j1r,I5R,D,502 
4j71,1JX,A,501 
4j71,1JX,B,501 
4j8o,SAH,A,800 
4ja1,NGH,B,306 
4jbq,VX6,A,501 
4jbv,V68,A,601 
4ji9,1M3,A,1201 
4ji9,1M3,B,1201 
4jl4,AXY,A,501 
4jmo,JAF,A,301 
4jsx,17G,A,2601 
4jsx,17G,B,2601 
4jt5,P2X,A,2601 
4jt5,P2X,B,2601 
4jt6,X6K,A,2601 
4jt6,X6K,B,2601 
4jvf,17X,B,201 
4jvg,B96,A,801 
4jvg,B96,B,801 
4jvg,B96,C,801 
4jvg,B96,D,801 
4jvr,1MT,A,201 
4jvr,1MT,C,201 
4jvr,1MT,E,201 
4jwl,HRC,A,301 
4jxh,HRC,A,301 
4jy1,NN3,A,601 
4jyw,T57,A,822 
4k0s,AZM,A,302 
4k0t,D9Z,A,303 
4k0z,MZM,A,308 
4k11,0J9,A,601 
4k13,ETS,A,304 
4k5u,GAL,A,301 
4k5u,GAL,B,301 
4k5u,GAL,C,301 
4k5u,GAL,D,301 
4kfa,ZOL,A,404 
4kfg,DOO,A,303 
4kfg,DOO,B,302 
4kfn,1QR,A,601 
4kfn,1QR,B,601 
4kkh,1RQ,A,501 
4kpj,210,A,901 
4kq5,ZOL,A,404 
4ks7,7KC,A,702 
4ks8,B49,A,701 
4ku7,PCG,A,425 
4kub,COA,A,201 
4kuv,MB6,A,302 
4kuw,MB2,A,304 
4kuy,MB4,A,304 
4kv0,MB7,A,304 
4l2y,XXK,A,1101 
4l3j,5FI,A,401 
4l3l,5FI,A,401 
4l42,5FI,A,401 
4l43,5FI,A,401 
4l44,5FI,A,404 
4l45,5FI,A,401 
4l46,5FI,A,401 
4l59,1VZ,A,601 
4l5m,HRC,A,302 
4l6c,0BT,A,303 
4l6h,MTX,A,803 
4l7s,G7K,A,701 
4l7s,G7K,B,701 
4l87,SSA,A,501 
4l8z,RL1,A,301 
4l96,LRG,A,501 
4lay,I63,A,301 
4lcn,GNG,A,202 
4ld2,CTN,A,202 
4lhh,1TZ,A,401 
4ll0,YUN,A,1101 
4ll0,YUN,B,1101 
4lo1,GAL,A,301 
4lo1,GAL,B,301 
4lqm,DJK,A,1101 
4lr6,1XA,A,203 
4lrg,1XB,A,201 
4lrm,YUN,A,1101 
4lrm,YUN,B,1101 
4lrm,YUN,C,1101 
4lrm,YUN,D,1101 
4lrm,YUN,E,1101 
4lu3,AZM,A,302 
4lue,VSE,A,602 
4lue,VSE,B,603 
4lv0,APB,A,401 
4lv0,APB,B,401 
4lva,20M,A,601 
4lva,20M,B,601 
4lvb,20N,A,601 
4lvb,20N,B,601 
4lvd,1EB,A,603 
4lvd,1EB,B,603 
4lvg,20O,A,601 
4lvg,20O,B,601 
4lwp,SAH,A,401 
4lwp,SAH,B,407 
4m9h,TTP,A,404 
4ma8,Z80,C,301 
4mdd,29M,A,801 
4mdd,29M,B,801 
4mdg,25X,A,302 
4mdl,25Y,A,303 
4mdm,26E,A,302 
4mkb,28V,A,601 
4mkb,28V,B,601 
4mkc,4MK,A,1503 
4mnf,29L,A,801 
4mnf,29L,B,801 
4mqs,IXO,A,501 
4ms3,ABU,A,501 
4ms4,2C0,A,501 
4msh,2D0,A,900 
4mwo,2E2,A,301 
4mxo,DB8,A,601 
4mxo,DB8,B,601 
4mxp,DB4,A,701 
4mxx,DB8,A,601 
4mxx,DB8,B,601 
4mxy,DB8,A,601 
4mxy,DB8,B,601 
4mxz,DB8,A,601 
4mxz,DB8,B,601 
4n14,WR7,A,501 
4n39,UDP,A,1201 
4n3a,UDP,A,1201 
4n7c,AEF,A,202 
4n9u,RIS,A,404 
4neu,Q1A,A,402 
4neu,Q1A,B,401 
4nf5,GLY,A,901 
4nf5,2JJ,B,301 
4nf6,GLY,A,1001 
4nf6,2JL,B,301 
4nfi,JD5,F,401 
4nfj,JD5,F,401 
4nfk,JD5,F,404 
4nfl,2JW,A,303 
4nfn,2KC,A,401 
4ng2,OHN,A,201 
4ng2,OHN,B,201 
4ng2,OHN,C,201 
4ng2,OHN,D,201 
4nkf,210,A,404 
4nnt,76D,A,201 
4nqa,9CR,A,501 
4nqa,965,B,501 
4nqa,9CR,H,501 
4nqa,965,I,501 
4nqm,Y1Z,A,201 
4nqn,Y1Z,A,201 
4nsq,COA,A,700 
4nsq,COA,B,700 
4nsq,COA,C,700 
4nsq,COA,D,700 
4nua,RIS,A,901 
4ny9,2Q4,A,501 
4nyx,2O4,A,1201 
4o33,TZN,A,501 
4o6f,SAH,A,504 
4o6l,2QK,A,1001 
4o6l,2QK,B,1001 
4o8f,BRL,A,501 
4o8f,BRL,B,501 
4oea,DHT,A,1001 
4oed,DHT,A,1002 
4oey,DHT,A,1002 
4oez,DHT,A,1002 
4ofr,DHT,A,1001 
4ofu,DHT,A,1001 
4ogh,HFT,A,1001 
4oh5,HFT,A,1001 
4oh6,HFT,A,1001 
4oha,HFT,A,1001 
4oic,A8S,A,301 
4oil,HFT,A,1001 
4oiu,HFT,A,1001 
4oj9,HFT,A,1001 
4ojb,198,A,1001 
4ok1,198,A,1001 
4okb,198,A,1002 
4okt,198,A,1001 
4okw,198,A,1001 
4okx,198,A,1002 
4olm,198,A,1001 
4opx,2UR,C,1101 
4oqa,2US,C,1101 
4oqb,2UT,C,1101 
4otq,2V2,A,701 
4otr,2V3,A,701 
4oyq,1X2,A,201 
4oyq,1X2,B,201 
4oyq,1X2,C,201 
4p3p,2CR,A,702 
4p3p,2CR,B,702 
4p6p,RES,A,301 
4p6p,RES,B,301 
4pa0,2OW,A,1101 
4pa0,2OW,B,1101 
4pf7,2QW,A,1101 
4pf7,2QW,B,1101 
4pf9,2Q6,A,1101 
4pf9,2Q6,B,1101 
4pfc,2QX,A,1101 
4pfc,2QX,B,1101 
4pjv,2YQ,A,601 
4pjv,2YQ,B,601 
4pp6,STL,A,601 
4pp6,STL,B,601 
4pvg,2WT,A,601 
4pvu,MGZ,B,501 
4pwf,PWF,A,201 
4pwf,PWF,B,201 
4pwg,0XR,A,201 
4pwg,0XR,B,201 
4pwh,PWH,A,201 
4pwh,PWH,B,201 
4pwi,ROA,A,201 
4pwi,ROA,B,201 
4pwj,30Z,A,201 
4pwj,30Z,B,201 
4pwk,PWK,A,201 
4pwk,PWK,B,201 
4pzr,COA,A,1704 
4q23,RIS,A,901 
4q50,OHT,A,1000 
4q50,OHT,B,601 
4q50,OHT,C,1000 
4q50,OHT,D,1000 
4q50,OHT,E,1000 
4q50,OHT,F,1000 
4q50,OHT,G,1000 
4q50,OHT,H,601 
4q5v,2ZE,A,1301 
4q5v,2ZE,E,1301 
4q8t,2YV,A,402 
4qa2,SHH,A,404 
4qa2,SHH,B,404 
4qbk,3NZ,A,202 
4qd3,5AE,A,201 
4qef,0NM,A,302 
4qm0,39K,A,601 
4qm0,39K,C,601 
4qqe,37F,A,401 
4qqn,3BQ,A,601 
4qrf,QAP,A,201 
4qrf,QAP,B,201 
4qs7,BGC,A,501 
4qs9,BGC,A,501 
4qsa,EWW,A,302 
4qsb,EWY,A,302 
4qsi,EWZ,A,305 
4qsj,EWW,A,302 
4qsj,EWW,B,302 
4qst,12Q,A,1201 
4qt3,RAP,A,202 
4qte,390,A,430 
4qxv,LU2,A,201 
4qxv,LU2,B,201 
4qya,LU2,A,201 
4qya,LU2,B,201 
4qyn,RTL,A,201 
4qyn,RTL,B,201 
4qzt,RTL,A,201 
4qzt,RTL,C,201 
4qzu,RTL,A,201 
4qzu,RTL,B,201 
4qzu,RTL,C,201 
4r2u,3JX,A,501 
4r2u,3JX,D,501 
4r43,GDP,A,701 
4r57,ACO,A,201 
4r57,ACO,B,201 
4r57,ACO,C,201 
4r57,ACO,D,201 
4r57,ACO,E,201 
4r57,ACO,F,201 
4r57,ACO,G,201 
4r57,ACO,H,201 
4r57,ACO,I,201 
4r57,ACO,J,201 
4r57,ACO,K,201 
4r57,ACO,L,201 
4r6n,MBG,A,201 
4r6n,MBG,E,201 
4r6n,MBG,G,201 
4r6r,147,A,201 
4r6r,147,E,201 
4r6r,147,G,201 
4r6s,3K2,A,501 
4r6s,3K2,B,501 
4r7h,P31,A,1001 
4r7i,STI,A,1001 
4r7l,SHH,A,709 
4rdd,3LU,A,600 
4rfw,3RB,A,500 
4rh2,FC9,A,302 
4rmd,3SW,A,500 
4rmh,3TE,A,402 
4rmi,3TK,A,402 
4rp8,ASC,A,501 
4rp8,ASC,C,501 
4rp9,ASC,A,501 
4rqu,NAD,B,403 
4rr7,A3S,A,201 
4rr8,A3S,A,201 
4rr9,A3S,A,201 
4rrb,A3T,A,500 
4rrc,A3T,A,500 
4rrd,A3T,A,501 
4rrw,LUR,A,705 
4rrw,LUR,B,705 
4rrw,LUR,C,705 
4rrw,LUR,D,705 
4rrx,LUR,A,706 
4rrx,LUR,B,706 
4rrz,LUR,A,705 
4rrz,LUR,B,705 
4rrz,LUR,C,705 
4rrz,LUR,D,705 
4rsy,B3N,A,701 
4rt7,P30,A,1001 
4ruj,VDX,A,501 
4rv6,RPB,A,1103 
4rv6,RPB,B,1103 
4rz8,3ZM,A,510 
4rz8,3ZM,B,510 
4rz8,3ZM,C,512 
4rz8,3ZM,D,512 
4rzb,NFQ,A,501 
4rzb,NFQ,B,501 
4rzv,032,A,801 
4rzv,032,B,801 
4rzw,B1E,A,801 
4rzw,B1E,B,801 
4tmw,GTP,A,901 
4tmw,GTP,B,901 
4tmz,GSP,A,901 
4tmz,GSP,B,901 
4ts8,XZ8,A,1203 
4tth,24V,B,401 
4twn,B96,A,1001 
4two,37W,A,1001 
4tx0,384,A,201 
4tyj,0LI,A,801 
4tz4,LVY,C,502 
4tzr,UW2,A,601 
4u41,3C8,A,401 
4u42,3C8,A,402 
4u42,3C8,B,401 
4u7w,NDP,A,1601 
4u7w,NDP,B,1601 
4ub7,3G5,A,401 
4ubp,HAE,C,800 
4ud9,FQI,H,1257 
4udc,DEX,A,1778 
4udd,CV7,A,1782 
4udw,N6L,H,1249 
4ue7,MRZ,H,1258 
4uee,LA9,A,1309 
4uee,LA9,B,1309 
4ug2,NGI,A,1311 
4ug2,NGI,B,1307 
4uhr,NGI,A,1320 
4ump,5QM,A,1334 
4ump,5QM,B,1334 
4ump,5QM,C,1334 
4ump,5QM,D,1334 
4uu0,TG1,A,1003 
4uwd,UN9,A,601 
4v2o,CLQ,B,1079 
4v2o,CLQ,C,1079 
4v2y,EF2,A,151 
4v2y,EF2,B,151 
4v2y,EF2,C,151 
4v2z,Y70,A,151 
4v2z,Y70,B,151 
4v2z,Y70,C,151 
4v30,LVY,A,151 
4v30,LVY,B,151 
4v30,LVY,C,151 
4v32,EF2,A,151 
4v32,EF2,B,151 
4v32,EF2,C,151 
4w5i,3GX,A,1204 
4w5i,3GX,B,1204 
4w63,HTB,A,605 
4w6e,3J5,A,1402 
4w93,3L9,A,503 
4wa4,G39,A,501 
4wa5,ZMR,A,501 
4wg3,UWA,A,601 
4wg4,UWB,A,601 
4wg5,UW3,A,601 
4whu,3OT,A,4000 
4whw,3OT,A,201 
4wl4,FC5,A,302 
4wo0,AGI,A,201 
4wo0,AGI,B,201 
4wo5,324,A,801 
4wo5,324,B,801 
4wot,3SG,A,501 
4wot,3SG,B,501 
4wot,3SG,C,501 
4wot,3SG,D,501 
4wq6,3TQ,A,601 
4wq6,3TQ,B,601 
4wqp,3SX,A,601 
4wqp,3SX,B,601 
4wqq,MAN,A,204 
4wqq,MAN,B,204 
4wqq,MAN,C,204 
4wqq,MAN,D,204 
4wuq,3UG,A,302 
4wuq,3UG,B,302 
4wvo,3UZ,A,201 
4x4a,SKD,A,801 
4x5k,COA,A,201 
4xey,1N1,A,601 
4xey,1N1,B,601 
4xi3,29S,A,601 
4xi3,29S,B,601 
4xi3,29S,C,601 
4xi3,29S,D,601 
4xj2,FMN,A,501 
4xld,BRL,A,502 
4xli,1N1,A,601 
4xli,1N1,B,600 
4xoq,F42,A,501 
4xoq,F42,B,501 
4xoq,F42,C,501 
4xoq,F42,D,501 
4xuf,P30,A,1001 
4xuf,P30,B,1001 
4xx5,43R,A,1201 
4xz4,456,A,1201 
4xz6,TMO,A,401 
4xz6,TMO,B,401 
4xzj,NAD,A,700 
4y0p,TE4,A,201 
4y0q,PX9,A,201 
4y0r,PX9,A,201 
4y0s,PX9,A,201 
4y14,C0A,A,407 
4y14,C0A,B,404 
4y6d,48U,A,301 
4y72,LZ9,A,301 
4y86,49D,A,601 
4y86,49E,B,601 
4yca,NDP,A,800 
4yca,NDP,B,800 
4yj1,ADP,A,701 
4yki,GLY,A,301 
4yki,GLY,B,301 
4yp5,NAP,A,2000 
4yp5,NAP,B,2000 
4yp5,NAP,C,2000 
4ypq,4F1,A,601 
4ypw,4FD,A,301 
4ypx,4FG,A,301 
4ypz,4FL,A,301 
4yq0,4FM,A,301 
4yq1,4FN,A,301 
4yq2,EFY,A,301 
4yq3,4G1,A,301 
4yq4,4G3,A,301 
4yq5,4G0,A,301 
4yq6,4FX,A,301 
4yq7,4G4,A,301 
4yq8,4FV,A,301 
4yq9,4GO,A,301 
4yqa,4GN,A,301 
4yqb,4GM,A,301 
4yqc,EFW,A,301 
4yqd,4GZ,A,301 
4yqg,4GY,A,301 
4yqi,4GX,A,301 
4yqj,4GT,A,301 
4yqk,4GS,A,301 
4yqn,4H3,A,301 
4yqo,4H1,A,301 
4yqp,4H6,A,301 
4yqq,4H7,A,301 
4yqr,4HQ,A,301 
4yqs,4H9,A,301 
4yqt,4H8,A,301 
4yu2,4H5,A,502 
4yu2,4H5,B,502 
4yu2,4H5,C,502 
4yu2,4H5,D,501 
4yvb,BTN,A,5001 
4yvb,BTN,B,201 
4yvb,BTN,C,201 
4yvb,BTN,D,201 
4ywu,SSN,A,501 
4ywu,SSN,B,501 
4ywy,PBD,A,402 
4ywy,PBD,B,402 
4ywy,PBD,C,402 
4z1f,H71,A,1001 
4z1g,94M,A,601 
4z55,4LO,A,1503 
4zaf,4LR,A,301 
4zag,4LR,A,301 
4zal,4LR,A,301 
4zan,4LR,A,301 
4zau,YY3,A,1101 
4zdm,GLY,A,301 
4zeg,052,A,809 
4zes,MMA,A,301 
4zes,MMA,B,301 
4zhc,TC2,A,202 
4zhc,TC2,B,202 
4zhc,TC2,C,202 
4zhf,4OL,A,202 
4zhf,4OL,B,202 
4zhf,4OL,C,202 
4zhf,4OL,D,202 
4zhf,4OL,E,202 
4zhf,4OL,F,202 
4zhg,4OL,A,202 
4zhg,4OL,B,202 
4zhg,4OL,C,202 
4zhg,4OL,D,202 
4zhg,4OL,E,202 
4zhg,4OL,F,202 
4zi0,4P9,A,304 
4zn7,DES,A,601 
4zn7,DES,B,600 
4zoa,IFM,A,801 
4zoa,IFM,B,802 
4zop,4Q2,A,1101 
4zp5,4QG,A,400 
4zql,4QH,B,1103 
4zr5,RDF,A,802 
4zr5,RDF,B,802 
4zs4,ATP,A,903 
4zs4,ATP,B,903 
4zw1,4V1,A,201 
4zzm,CQ6,A,1357 
4zzn,CQ8,A,1355 
4zzo,CQ3,A,1357 
5aau,XBR,A,1553 
5aau,XBR,B,1547 
5aav,GW5,A,1552 
5aav,GW5,B,1546 
5ab6,CAA,A,1409 
5ab6,CAA,B,1409 
5ab6,CAA,C,1409 
5ab6,CAA,D,1409 
5ab6,CAA,E,1409 
5ab6,CAA,F,1409 
5ab7,MLC,A,1410 
5ab7,MLC,B,1410 
5ab7,MLC,C,1413 
5ab7,MLC,D,1411 
5ab7,MLC,E,1411 
5ab7,MLC,F,1412 
5acc,KE9,A,1546 
5adw,EHS,A,312 
5adw,EHS,B,312 
5ae8,VVX,A,2033 
5ae9,OKO,A,4000 
5af9,SJR,H,1250 
5afz,UET,H,1248 
5ajq,DB8,A,800 
5ajq,DB8,B,800 
5amh,EF2,A,151 
5ami,EF2,A,151 
5ami,EF2,B,151 
5amj,EF2,A,151 
5amj,EF2,B,151 
5amk,EF2,A,151 
5amk,EF2,B,151 
5anl,RBQ,A,1870 
5apk,76E,A,1487 
5apk,76E,B,1501 
5aqy,ADN,A,1389 
5av2,KMP,A,300 
5av3,KMP,A,300 
5av4,GEN,A,400 
5avl,4KQ,A,501 
5awa,M8D,A,901 
5awb,M0A,A,901 
5awd,MAN,B,4 
5awd,IDQ,A,901 
5ayg,4LQ,A,9000 
5ayg,4LQ,B,9000 
5b41,YSV,A,501 
5b7v,LWJ,A,801 
5b7v,LWJ,B,801 
5bir,2GP,A,105 
5bir,2GP,B,306 
5bnl,2HC,A,303 
5bpc,F2A,A,405 
5bqx,4UR,A,401 
5brd,BG8,A,500 
5brd,BG8,B,500 
5brh,4V3,A,500 
5brh,4V3,B,500 
5brv,9TH,A,302 
5bs8,MFX,G,101 
5bt3,2LO,A,1201 
5bta,MFX,G,101 
5btd,GFN,E,101 
5btd,GFN,G,101 
5btf,GFN,F,101 
5btf,GFN,G,101 
5bv6,35G,A,501 
5bx3,NOJ,A,901 
5bx4,GIM,A,901 
5bx5,BGC,A,901 
5bxj,NPO,A,201 
5bxv,MGP,A,301 
5bxv,MGP,C,301 
5c03,AGS,A,901 
5c03,AGS,B,901 
5c5a,NUT,A,201 
5c5a,NUT,B,201 
5c5p,0E0,A,1202 
5c5p,0E0,B,1202 
5c5q,G9W,A,1202 
5c5q,G9W,B,1202 
5c5r,0E1,A,1202 
5c5r,0E1,B,1202 
5c6c,CMP,A,304 
5c6c,CMP,B,304 
5c8i,MZM,A,302 
5c8w,PCG,A,302 
5c8w,PCG,B,303 
5c8w,PCG,C,302 
5c8w,PCG,D,302 
5c8w,PCG,E,302 
5c8w,PCG,F,302 
5c9c,4Z5,A,900 
5c9c,4Z5,B,801 
5ce1,50K,A,900 
5cfw,53W,A,201 
5cg5,RIS,A,400 
5cgp,53W,A,4000 
5cjh,522,A,801 
5cjh,522,B,801 
5clu,S8A,A,302 
5cmb,GLY,A,301 
5cmb,GLY,B,301 
5cmc,GLY,A,301 
5cmc,GLY,B,301 
5cmk,GLU,A,301 
5cmk,LY5,B,301 
5coi,55K,A,201 
5cpe,EB2,A,203 
5cph,EVO,A,301 
5cph,EVO,B,302 
5cqa,2LY,A,2001 
5cr1,T44,A,201 
5cr1,STL,B,201 
5crm,EB5,A,203 
5crz,EB7,A,204 
5cs8,EB8,A,201 
5csv,GAB,A,403 
5ctl,EB9,A,201 
5ctw,55D,A,301 
5ctw,55D,B,301 
5ctx,55G,B,303 
5cty,55H,B,305 
5cu3,54S,A,404 
5cu3,54S,B,403 
5cxk,BCT,A,302 
5cxk,BCT,B,302 
5cxk,BCT,C,302 
5cxk,BCT,D,302 
5cxk,BCT,G,302 
5cxk,BCT,H,302 
5czk,57Z,A,701 
5czk,57Z,B,701 
5d3f,FSC,B,301 
5d3y,4IP,A,501 
5d3y,4IP,B,501 
5d7d,57X,A,307 
5d7d,57X,B,308 
5d8u,0N8,A,203 
5d9f,58G,A,301 
5d9j,0N8,A,203 
5dew,59N,A,601 
5dew,59N,B,601 
5dfc,EAM,A,503 
5dfd,59E,A,501 
5dgn,59Y,F,401 
5dkd,5BW,A,1605 
5dkd,5BW,B,1605 
5dkh,5C0,A,1503 
5dkh,5C0,B,1505 
5drb,5FJ,A,501 
5drj,5EU,A,601 
5drj,5EU,B,601 
5drm,5ET,A,601 
5drm,5ET,B,601 
5ds3,09L,A,1102 
5dt0,SKE,A,401 
5due,5FY,A,900 
5due,5FY,B,901 
5dug,5FV,A,900 
5dug,5FV,B,901 
5duh,5FT,A,900 
5duh,5FT,B,901 
5dvi,BGC,A,501 
5dvi,BGC,B,501 
5dvs,5G7,A,900 
5dvs,5G7,B,901 
5dvv,5G6,A,900 
5dvv,5G6,B,901 
5dwe,5G5,A,900 
5dwe,5G5,B,901 
5dwi,5G3,A,900 
5dwi,5G3,B,901 
5dwj,5J2,A,901 
5dwj,5J2,B,900 
5dwl,3JX,A,501 
5e0f,5J7,A,501 
5e6h,AKG,A,602 
5e7v,M7E,A,501 
5e95,GDP,A,201 
5eal,5ML,A,401 
5eal,5ML,B,401 
5ec9,5LO,A,501 
5edh,5MF,A,803 
5edh,5MF,B,803 
5edh,5MF,C,803 
5edh,5MF,D,803 
5eg2,SAH,A,401 
5egv,5OS,A,900 
5egv,5OS,B,900 
5eho,5O1,A,901 
5ehz,5NZ,A,603 
5ehz,5NZ,B,603 
5enn,5QS,A,901 
5enn,5QS,B,901 
5err,ADP,A,801 
5ers,AMP,A,801 
5et4,C3P,A,500 
5et4,C3P,B,500 
5et4,C3P,C,201 
5et4,C3P,D,400 
5ew8,5SF,A,803 
5ew8,5SF,B,802 
5f5e,SAH,A,4002 
5f6l,SAH,A,4001 
5f6w,5VL,A,201 
5fa5,MTA,A,701 
5fbl,5W9,A,801 
5fbl,GSP,B,301 
5fbq,5W6,A,801 
5fbq,GDP,B,301 
5fbr,5W7,A,801 
5fbr,GSP,B,301 
5fbv,5W3,A,801 
5fbv,GSP,B,301 
5fbw,5W8,A,801 
5fbw,GSP,B,301 
5fbx,5W4,A,201 
5fdx,5X1,A,1001 
5fdx,5X1,B,1001 
5fe1,12Q,A,901 
5fe1,12Q,B,901 
5feq,5XH,A,1101 
5fg4,5XE,A,801 
5fg5,5XF,A,801 
5fg5,5XF,B,802 
5fg6,5XE,A,705 
5fi4,5XV,A,1102 
5flr,XCZ,A,1266 
5fm2,PP1,A,2012 
5fm3,PP1,A,2012 
5fnk,5OO,A,1267 
5fnl,5ON,A,1264 
5fnm,5O6,A,1262 
5foq,GC8,A,1543 
5foq,GC8,B,1544 
5fp3,YC8,A,1 
5fp3,YC8,B,1 
5fp9,4SV,A,1342 
5fpf,5ZI,A,2112 
5fpf,5ZI,B,2112 
5fpg,Q28,A,2163 
5fpg,Q28,B,2163 
5fqk,6NT,A,301 
5fry,ERH,A,1209 
5fry,ERH,B,1209 
5fs0,5JC,A,1209 
5fs0,5JC,B,1210 
5g03,OE2,A,1263 
5g0g,TSN,A,1427 
5g0h,E1Z,A,1801 
5g2o,NAI,A,1400 
5g3j,E7T,A,1779 
5g4s,8VI,A,1739 
5g5k,NOK,A,1333 
5g5k,NOK,B,1333 
5g5w,R8C,A,1778 
5gie,VDP,A,501 
5gie,VDP,D,501 
5gjo,PLP,A,406 
5gjo,PLP,B,404 
5glz,BGC,A,800 
5glz,BGC,B,800 
5glz,BGC,C,800 
5grn,748,A,1001 
5gtn,Q35,A,501 
5gto,T35,A,501 
5guf,CTP,A,201 
5gwk,EVP,F,102 
5gwk,EVP,D,102 
5h24,LQG,A,501 
5h24,LQG,B,501 
5h25,LQH,A,501 
5h25,LQH,B,501 
5h86,BCO,A,201 
5h8t,RTL,A,201 
5h9n,LTX,A,201 
5ha0,LTD,A,201 
5hf9,HI6,A,607 
5hf9,HI6,B,610 
5hgv,UDP,A,1101 
5hgv,UDP,C,1101 
5hi2,BAX,A,801 
5hia,YPG,A,301 
5hia,YPG,B,301 
5hia,YPG,C,301 
5hia,YPG,D,301 
5hid,B1E,A,801 
5hid,B1E,B,801 
5hie,P06,A,801 
5hie,P06,B,801 
5hie,P06,C,801 
5hie,P06,D,801 
5hjg,XDI,A,201 
5hjg,XDI,B,201 
5hjp,668,B,501 
5hjp,668,D,501 
5hjs,668,A,301 
5hjs,668,B,301 
5hkg,RAP,A,201 
5hni,63B,X,1401 
5hni,63B,Y,1401 
5hq0,LZ9,A,301 
5hv4,AKG,A,306 
5hw4,SAM,A,801 
5hw4,SAM,B,801 
5hw4,SAM,C,801 
5hyn,SAH,A,1009 
5hyn,SAH,F,1009 
5hyn,SAH,K,1009 
5hyn,SAH,Q,1009 
5i3b,HQE,A,303 
5i3b,HQE,B,303 
5i3h,PGA,B,301 
5i3i,PGA,A,301 
5i3i,PGA,B,301 
5i3i,PGA,C,301 
5i3i,PGA,D,301 
5i3k,PGA,B,301 
5i3k,PGA,C,301 
5i3k,PGA,D,301 
5i3o,IDV,A,401 
5i3o,IDV,B,401 
5i3r,IDK,A,401 
5i3r,IDK,B,401 
5i4n,ATP,A,1000 
5i6x,8PR,A,705 
5ida,BMA,A,201 
5ida,BMA,B,201 
5ida,BMA,D,201 
5ig6,6B3,A,505 
5ign,6B2,A,201 
5ign,6B2,B,201 
5ikw,6BU,A,4000 
5imx,CZ4,A,1501 
5is0,6ET,B,801 
5is0,6ET,C,801 
5is0,6ET,D,801 
5is0,6ET,E,801 
5is5,6CY,A,1101 
5ita,6DC,A,801 
5ita,6DC,B,801 
5iwf,LQT,A,601 
5ixe,14O,A,501 
5ixe,14O,B,501 
5ixk,6EW,A,501 
5ixk,6EW,B,501 
5j3j,HL1,A,801 
5j3j,HL1,B,801 
5j42,6FV,A,401 
5j42,6FV,B,401 
5j5o,6G0,A,301 
5j5o,6G0,B,301 
5j5o,6G0,C,300 
5j5o,6G0,D,300 
5j5y,6G6,A,300 
5j5y,6G6,B,301 
5j94,1XF,A,301 
5jad,FB2,A,504 
5jai,NAI,A,401 
5jam,NAI,A,401 
5jaq,NAI,A,401 
5jdv,EVF,B,302 
5jeh,EVF,B,302 
5jei,FWD,A,301 
5jfs,6K0,A,4000 
5jfv,6K1,A,4000 
5jfw,6K2,A,4000 
5jfx,6K4,A,4000 
5jgk,SAH,A,301 
5jgk,SAH,B,301 
5jgl,SAM,A,301 
5jgl,SAM,B,301 
5ji0,9CR,A,501 
5ji0,BRL,D,501 
5jix,6J7,A,511 
5jkg,6LF,A,801 
5jmy,6LD,A,807 
5jmy,6LD,B,807 
5jmz,AYX,A,303 
5jn3,WWZ,A,304 
5jn7,6LU,A,302 
5jnw,6LJ,A,202 
5jq1,ZPF,A,1004 
5jq1,ZPF,B,1003 
5juw,6NR,A,523 
5jvb,2PO,A,301 
5jvb,2PO,B,301 
5jws,6OQ,A,201 
5jwt,BNZ,A,201 
5jwu,B20,A,201 
5jwv,PYJ,A,201 
5jww,6OQ,A,202 
5k3l,444,A,900 
5k3l,444,B,900 
5k3l,444,C,900 
5k3l,444,D,900 
5k3m,6Q5,A,601 
5k3m,6Q5,B,601 
5k3n,6Q6,A,600 
5k3n,6Q6,B,600 
5k3n,6Q6,C,600 
5k3n,6Q6,D,600 
5k72,6QY,A,503 
5k72,6QY,B,504 
5k72,6QY,C,501 
5k72,6QY,D,501 
5k75,6QX,A,501 
5k75,6QX,B,504 
5k75,6QX,C,503 
5k75,6QX,D,503 
5k7g,6R0,A,503 
5k7g,6R0,B,503 
5k7g,6R0,C,501 
5k7g,6R0,D,502 
5k7i,6QZ,A,501 
5k7i,6QZ,B,502 
5kb3,4CT,A,301 
5kcd,OB2,A,601 
5kcd,OB2,B,601 
5kcf,OB5,A,601 
5kcf,OB4,B,601 
5kct,OB7,A,601 
5kct,OB6,B,601 
5kcu,OB8,A,601 
5kcu,OB8,B,601 
5kd9,OBT,A,601 
5kd9,OBT,B,601 
5kdh,6RX,A,201 
5kka,6V0,A,401 
5kka,6V0,B,401 
5kkn,6U3,B,801 
5kkn,6U3,C,801 
5kmi,6UE,A,901 
5kmj,6UF,A,901 
5kmk,6UG,A,901 
5kml,6UH,A,901 
5kmm,6UJ,A,901 
5kmo,6UM,A,901 
5kny,YPG,A,301 
5kny,YPG,B,301 
5kny,YPG,C,301 
5kny,YPG,D,301 
5kot,6VU,A,402 
5kot,6VU,B,402 
5kr9,CUE,A,601 
5kr9,CUE,B,601 
5kvt,YMX,A,801 
5kxa,6Y7,A,905 
5kxe,6Y2,A,306 
5kxe,6Y2,B,308 
5kxe,6Y2,C,303 
5kxe,6Y2,D,303 
5kzd,RCJ,A,301 
5kzd,RCJ,B,301 
5kzd,RCJ,C,301 
5kzd,RCJ,D,301 
5l0k,6ZO,A,906 
5l0k,6ZO,B,907 
5l11,RJW,A,601 
5l3u,6NG,E,409 
5l41,6QC,E,409 
5l4q,LKB,A,401 
5l4q,LKB,B,401 
5l77,GUX,A,506 
5l7v,GNL,A,601 
5l7v,GNL,B,601 
5l8p,6MG,E,406 
5lab,NGH,A,306 
5lb6,UN9,A,502 
5lbo,6M5,A,1011 
5lbo,6M5,B,1011 
5lbo,6M5,C,1008 
5lbo,6M5,D,1015 
5lf7,6V8,b,304 
5lf7,6V8,H,305 
5lf7,6V8,K,305 
5lf7,6V8,N,305 
5lf7,6V8,V,303 
5lf7,6V8,Y,306 
5lga,6VH,A,501 
5lht,TIH,A,301 
5lia,MAN,B,6 
5lia,6XN,A,908 
5ljb,RTL,A,201 
5ljc,RTL,A,201 
5ljd,RTL,A,201 
5lje,RTL,A,201 
5lji,FMN,A,201 
5lji,FMN,C,201 
5ljp,FMN,A,201 
5lku,COA,A,1705 
5ll8,6YP,A,306 
5lln,3TV,A,303 
5lln,3TV,B,304 
5ln2,6ZT,A,201 
5ln8,GAL,A,201 
5lq1,GB,A,303 
5lq1,GB,B,303 
5lq9,72K,A,301 
5ls7,ACO,B,203 
5ls7,74C,D,205 
5lvv,UDP,A,1201 
5lw9,5UJ,A,808 
5lwp,79U,A,601 
5ly7,NOK,A,402 
5ly7,NOK,B,402 
5m24,9CR,A,501 
5m42,FMN,A,2001 
5m5f,7GR,E,408 
5m69,7GR,E,408 
5m7p,ADP,A,502 
5m7p,ADP,B,502 
5maf,XIN,A,403 
5mco,BSD,A,501 
5mj6,7O2,A,1137 
5mj6,7O2,B,1127 
5mjt,23U,H,301 
5mls,22U,H,301 
5mnp,MRZ,A,305 
5mnq,J3I,A,307 
5mo6,KXZ,A,401 
5mq1,5U6,A,700 
5msa,3TV,A,302 
5msa,3TV,B,302 
5msa,3TV,C,302 
5msa,3TV,D,302 
5mue,VIV,A,302 
5mug,VIV,A,301 
5n5s,NAP,A,600 
5n5s,NAP,B,502 
5n5s,NAP,C,501 
5n5s,NAP,D,503 
5n6c,NAD,A,402 
5n6c,NAD,B,401 
5ncf,8T5,A,201 
5ncf,8T5,B,204 
5ne2,DGL,A,301 
5ne2,DGL,B,301 
5nft,8W8,A,804 
5nyi,2EQ,A,301 
5o13,9G5,A,401 
5o2j,2PO,A,301 
5o2t,GSP,A,202 
5o37,GB,A,301 
5o6y,5YA,A,304 
5o6y,5YA,B,302 
5o6y,5YA,C,305 
5o6y,5YA,D,302 
5o96,SAM,A,501 
5o96,SAM,B,501 
5o96,SAM,C,501 
5o96,SAM,D,501 
5o96,SAM,E,501 
5o96,SAM,F,501 
5o96,SAM,G,501 
5o96,SAM,H,501 
5o97,9OE,A,201 
5oc8,9QW,A,201 
5ogj,V90,A,308 
5ogj,V90,B,308 
5oi2,9VN,A,305 
5oi5,9VK,A,501 
5oi8,9VN,A,302 
5oia,9VK,A,303 
5omw,LSS,A,901 
5omw,LSS,D,901 
5osx,AKW,A,301 
5osx,AKW,B,301 
5owr,1N1,A,401 
5p9f,2VL,A,701 
5p9g,7G6,A,701 
5p9i,1E8,A,701 
5pab,7XD,H,301 
5pzt,947,A,401 
5pzt,947,B,401 
5pzt,947,C,401 
5pzt,947,D,401 
5pzt,947,E,401 
5pzt,947,F,401 
5pzt,947,G,401 
5pzt,947,H,401 
5pzu,94D,A,401 
5pzu,94D,B,401 
5pzu,94D,C,401 
5pzu,94D,D,401 
5q04,95P,A,401 
5q04,95P,B,401 
5q04,95P,C,401 
5q04,95P,D,401 
5q04,95P,E,401 
5q04,95P,F,401 
5q04,95P,G,401 
5q04,95P,H,401 
5q05,95S,A,401 
5q05,95S,B,401 
5q05,95S,C,401 
5q05,95S,D,401 
5q05,95S,E,401 
5q05,95S,F,401 
5q05,95S,G,401 
5q05,95S,H,401 
5qbw,B8S,A,901 
5qbz,B8Y,A,901 
5qc3,B9Y,A,901 
5qc3,B9Y,B,901 
5qtv,QLS,A,301 
5qtw,QLM,A,301 
5qtx,QLD,A,301 
5qty,QLJ,A,301 
5qtz,QMY,A,601 
5qu0,QMV,A,601 
5qur,LZ1,A,401 
5qus,LZ1,A,401 
5qut,LZ1,A,401 
5ree,T1M,A,404 
5rfa,JGY,A,403 
5rgv,UGG,A,1001 
5rgx,UGP,A,1001 
5rh2,UH7,A,1001 
5rh3,UHA,A,1001 
5rhd,US7,A,408 
5s9r,YWA,A,301 
5svm,6AT,A,404 
5svm,ATP,B,401 
5svp,6AT,A,404 
5svp,ATP,B,401 
5svr,71C,A,405 
5syz,71W,A,601 
5t3q,75H,A,1401 
5t46,MGP,A,301 
5t46,MGP,C,301 
5t8f,799,A,1101 
5ta8,79C,A,402 
5tc6,7A6,A,301 
5tc8,TDI,A,301 
5te0,XIN,A,401 
5tet,7A3,A,901 
5tlb,NAI,A,301 
5tlm,7EM,A,601 
5tlm,7EM,B,601 
5tlo,7EE,A,601 
5tlo,7EE,B,601 
5tlu,7EE,A,601 
5tlu,7EE,B,601 
5tlv,7ES,A,601 
5tlv,7ES,B,601 
5tmg,7EK,A,402 
5tmg,7EK,B,402 
5tmk,7EJ,A,402 
5tmk,7EJ,B,401 
5toa,EST,A,601 
5toa,EST,B,601 
5tto,7KK,A,501 
5tto,7KK,B,501 
5u0v,7VJ,A,301 
5u0v,7VJ,B,302 
5u2m,7T7,A,901 
5u2m,7T7,B,501 
5u39,C90,A,502 
5uan,9CR,A,503 
5uan,REA,B,503 
5uc3,486,A,801 
5uc3,486,B,801 
5ueo,87G,A,501 
5ueo,87G,B,501 
5uep,88P,A,501 
5ueq,87M,A,501 
5uer,87P,A,501 
5ues,87S,A,501 
5uet,87V,A,501 
5uev,88Y,A,501 
5ugf,IM5,A,308 
5ugf,IM5,B,306 
5ugf,IM5,C,305 
5ugf,IM5,D,307 
5ugf,IM5,E,306 
5ugf,IM5,F,303 
5ut2,3YT,A,903 
5ut3,IK1,A,901 
5ut5,2HB,A,905 
5utp,8M7,A,900 
5utp,8M7,B,901 
5utq,OAN,A,401 
5utq,OAN,B,401 
5utr,8MP,A,401 
5utr,8MP,B,401 
5uvu,8O4,A,501 
5uvw,8NG,A,201 
5uvw,8NG,B,201 
5uvw,8NG,C,201 
5uvx,8NM,A,501 
5uvx,8NM,B,501 
5uvy,8NJ,A,501 
5uvz,8NP,A,501 
5v48,TIO,A,802 
5v48,TIO,B,802 
5v54,89F,A,1201 
5v54,89F,B,1201 
5v67,IBI,A,201 
5v80,971,A,402 
5vam,92J,A,801 
5vam,92J,B,801 
5vbq,R78,A,201 
5vbq,R78,B,201 
5vfi,9AJ,A,701 
5vib,9D1,A,401 
5vif,UDP,A,1100 
5vif,9C1,B,101 
5vje,GOS,A,403 
5vje,GOS,B,403 
5vjg,0BP,A,403 
5vkr,APR,A,403 
5vlo,9EJ,A,401 
5vlo,9EJ,B,401 
5vo4,9FG,A,1001 
5vof,RIV,H,301 
5vpt,R07,A,204 
5vpx,R07,A,205 
5vrw,TTP,P,103 
5vrx,TTP,P,103 
5vry,TTP,P,101 
5vrz,TTP,P,101 
5vs1,TTP,P,103 
5vs2,TTP,A,401 
5vs3,TTP,P,101 
5vua,8GX,B,403 
5vub,8GU,B,402 
5vuc,8GR,B,402 
5vwm,C90,A,401 
5vzs,9U4,A,202 
5vzs,9U4,B,203 
5w80,9XJ,A,601 
5w8r,9XV,A,601 
5w91,9XP,A,601 
5w9c,OHT,A,601 
5w9c,OHT,B,601 
5w9c,OHT,C,601 
5w9c,OHT,D,601 
5w9e,9YJ,A,601 
5wbn,9ZV,A,1304 
5wcg,A4M,A,504 
5wim,35R,A,901 
5wmd,6JE,A,201 
5wry,4YR,A,1101 
5wry,4YR,B,1101 
5ws0,7U6,A,1101 
5ws0,7U6,B,1101 
5ws1,7U9,A,1101 
5ws1,7U9,B,1101 
5x0r,4WH,A,501 
5x0r,4WH,B,501 
5x2c,7XR,A,1104 
5x2c,7XR,B,1108 
5x2k,0UN,A,1101 
5x5m,7YU,A,302 
5x5m,7YU,B,302 
5x7z,BHA,A,201 
5xdk,8JC,A,1101 
5xdl,8JC,A,1101 
5xfv,FMN,A,401 
5xfv,FMN,B,401 
5xfv,FMN,C,401 
5xfv,FMN,D,401 
5xi2,8F9,A,201 
5xi3,8F6,A,201 
5xi4,8F0,A,201 
5xkr,BZE,A,201 
5xkr,BZE,B,201 
5xkr,BZE,C,202 
5xkr,BZE,D,202 
5xqd,8CF,A,301 
5xqe,8CO,A,301 
5xr5,8CR,A,301 
5xr9,8CU,A,301 
5xrb,8DU,A,301 
5xsj,XYP,X,500 
5xuj,8G6,A,803 
5xxh,E0D,A,1201 
5xzf,8J0,A,501 
5xzh,8J3,A,501 
5y0v,BER,A,701 
5y1b,8KL,A,703 
5y2i,8KX,B,301 
5y2o,8N6,A,501 
5y2u,AZN,B,302 
5y2u,AZN,C,301 
5y2w,PGA,A,401 
5y9t,8RC,A,1101 
5ycp,BRL,A,501 
5ygx,0B5,A,509 
5ygy,0B6,A,509 
5yj0,EF2,A,501 
5yj0,EF2,b,501 
5yj0,EF2,D,501 
5yj0,EF2,e,501 
5yj0,EF2,G,501 
5yj0,EF2,h,501 
5yj0,EF2,J,501 
5yj0,EF2,k,501 
5yj0,EF2,M,501 
5yj0,EF2,n,501 
5yj0,EF2,P,501 
5yj0,EF2,q,501 
5yj0,EF2,S,501 
5yj0,EF2,t,501 
5yj0,EF2,V,501 
5yj0,EF2,Y,501 
5you,8XX,A,201 
5yx2,SAH,A,1005 
5yx2,SAH,D,1002 
5z02,NUT,A,101 
5z12,33Y,A,501 
5z12,9CR,B,501 
5z12,9CR,C,501 
5z12,33Y,D,501 
5z2l,NDP,A,302 
5z2l,NDP,B,302 
5z2l,NDP,C,304 
5z2l,NDP,D,301 
5z2l,NDP,E,303 
5z2l,NDP,F,302 
5z2l,NDP,G,302 
5z2l,NDP,H,301 
5z2l,NDP,I,302 
5z2l,NDP,J,301 
5z2l,NDP,K,302 
5z2l,NDP,L,301 
5z5s,RTE,A,501 
5z69,AGS,A,401 
5z6s,RTF,A,501 
5z75,NAD,A,401 
5z75,NAD,B,401 
5z75,NAD,D,401 
5z8g,99L,A,201 
5z90,99U,A,201 
5zc9,ANP,A,500 
5zc9,RCG,B,600 
5zdq,RNB,A,504 
5zdq,RNB,B,504 
5zdq,RNB,C,504 
5zdq,RNB,D,504 
5zid,9EL,A,802 
5zid,9EL,B,806 
5zio,X8Z,A,303 
5zj6,VSE,A,601 
5zj6,VSE,B,601 
5zjw,9EO,A,601 
5zlc,DGT,A,503 
5zrf,EVP,F,1301 
5zrf,EVP,D,101 
5zto,9JO,A,1101 
5zwb,ADP,A,304 
5zwj,9LL,A,1101 
5zxb,9KO,A,401 
5zxb,9KO,B,401 
5zxf,NUT,A,101 
6a1f,9OF,A,807 
6a1g,9OL,A,801 
6a1g,9OL,B,801 
6a5y,9R0,A,501 
6a5y,9CR,D,501 
6a5z,9R3,A,501 
6a5z,9CR,D,501 
6a5z,9R3,H,501 
6a5z,9CR,L,501 
6a60,064,A,501 
6a60,9CR,D,501 
6a7p,9SC,A,601 
6a7p,9SC,B,601 
6a8s,CYS,A,315 
6a8s,CYS,B,316 
6acr,9TO,A,501 
6acr,9TO,B,501 
6ad9,KK4,A,501 
6ae3,MRI,A,501 
6ae3,MRI,B,501 
6ag2,9X9,U,301 
6ag3,9XC,U,301 
6ag7,H55,U,301 
6ag9,9XF,U,301 
6aix,A3P,A,501 
6alb,BKJ,A,1405 
6asq,VC4,A,412 
6asq,VC4,B,410 
6atb,BWA,A,601 
6atb,BWA,B,601 
6atb,BWA,C,602 
6atb,BWA,D,602 
6au3,BWM,A,501 
6aul,BTN,A,201 
6awq,SRE,A,701 
6ayw,C2V,A,401 
6ayw,C2V,B,402 
6b0f,C6V,A,601 
6b0f,C6V,B,601 
6b8z,FRJ,A,301 
6bcc,EZL,A,302 
6bgc,BGC,A,401 
6bgc,BGC,B,401 
6bh4,DQS,A,601 
6bii,NAP,A,401 
6bii,NAP,B,401 
6bku,DXV,A,501 
6blf,DY1,A,1000 
6blf,DY1,B,1000 
6bn6,XGH,A,601 
6bn6,XGH,B,601 
6bnj,WPG,A,301 
6bnj,WPG,B,301 
6bnj,WPG,C,301 
6bnj,WPG,D,301 
6bqq,R78,A,501 
6br5,GYG,A,512 
6br6,E3M,A,511 
6brj,VX6,A,901 
6brr,SAH,A,1001 
6brr,SAH,D,1001 
6bsd,1N1,A,901 
6bsg,EFZ,A,601 
6bsh,EFZ,A,601 
6bsi,EFZ,A,601 
6bsj,EFZ,A,601 
6bt5,E7P,A,601 
6bt5,E7P,B,601 
6btq,E8S,A,305 
6bu6,E8V,A,401 
6bu6,E8V,B,401 
6bu6,E8V,D,401 
6bvi,GNP,A,201 
6bvi,EC4,B,2001 
6bvj,GNP,A,201 
6bvj,EAS,B,2001 
6bvk,GNP,A,201 
6bvk,EAV,B,2001 
6bvl,GNP,A,201 
6bvl,EBY,B,2001 
6bxh,EE7,A,603 
6c19,YY7,A,801 
6c19,YY7,B,801 
6c2i,EJ7,A,407 
6c56,VT0,B,401 
6c57,FV9,B,401 
6cad,EU4,A,801 
6cad,EU4,B,801 
6cby,EW4,A,1004 
6cby,EW4,B,1004 
6cbz,EST,A,601 
6cbz,EST,B,602 
6cc0,EWM,A,301 
6cc0,EWM,B,301 
6ceo,D57,A,301 
6cff,2BA,A,401 
6cg2,QC2,A,503 
6cg2,QC2,B,503 
6cg2,QC2,C,503 
6cg2,QC2,D,503 
6cqu,HI6,A,601 
6cqu,HI6,B,601 
6crg,5OD,A,601 
6crg,5OD,B,601 
6cuo,GNP,A,201 
6cuo,FFS,B,2001 
6cup,GNP,A,201 
6cup,FFV,B,2001 
6cur,GNP,A,201 
6cur,FFY,B,2001 
6cy7,2BA,A,401 
6cz1,3FD,A,501 
6cz1,3FD,B,501 
6czw,FO7,A,401 
6d09,FOJ,A,401 
6d1y,FQJ,A,801 
6d2i,35R,A,901 
6d2i,35R,B,901 
6d2n,FUS,A,302 
6d3e,FT7,A,501 
6d5l,GNP,A,201 
6d5l,FW7,B,2001 
6d5m,GNP,Q,202 
6d5m,FW4,S,1101 
6d5v,GNP,Q,202 
6d5v,FVY,S,1101 
6d8x,EDK,A,501 
6d94,EDK,A,501 
6dbk,G5D,A,4000 
6dbm,G4J,A,4000 
6dbn,G4J,A,4000 
6dcu,NZA,A,501 
6dcu,NZA,B,501 
6df6,G8Y,A,601 
6df6,G8Y,B,601 
6df6,G8Y,C,601 
6df6,G8Y,D,601 
6dfm,3BH,A,501 
6dfm,3BH,B,501 
6dfr,NAP,A,164 
6dh9,GH1,A,501 
6di3,GJA,A,701 
6di9,GJJ,A,701 
6djz,GMJ,A,301 
6djz,GMJ,B,301 
6djz,GMJ,C,301 
6dk0,GKY,A,301 
6dk0,GKY,B,301 
6dk0,GKY,C,301 
6dkw,GXA,A,801 
6dkw,GXA,B,801 
6dmj,53W,A,201 
6dmk,2LL,A,1202 
6dpq,HEM,A,501 
6dpq,H7P,B,501 
6dqn,I3P,A,3002 
6dqn,I3P,B,3002 
6dqn,I3P,C,3002 
6dqn,I3P,D,3002 
6dqs,I3P,A,3002 
6dqs,I3P,B,3002 
6dqs,I3P,C,3002 
6dqs,I3P,D,3002 
6dqv,I3P,A,3002 
6dqv,I3P,B,3002 
6dqv,I3P,C,3002 
6dqv,I3P,D,3002 
6dqz,I3P,A,3002 
6dqz,I3P,B,3002 
6dqz,I3P,C,3002 
6dqz,I3P,D,3002 
6dr0,I3P,A,2702 
6dr0,I3P,B,2702 
6dr0,I3P,C,2702 
6dr0,I3P,D,2702 
6drc,I3P,A,3002 
6drc,I3P,B,3002 
6drc,I3P,C,3002 
6drc,I3P,D,3002 
6drw,SKE,A,1201 
6dxh,HH4,A,309 
6dxk,HJ4,A,801 
6dxk,HJ4,B,801 
6dxt,HHY,A,701 
6dzw,8PR,A,701 
6e5v,HVG,A,601 
6e5v,HVG,B,601 
6e6e,HVY,A,601 
6e6e,HVY,B,601 
6e6e,HVY,C,601 
6e6e,HVY,D,601 
6e6e,HVY,E,601 
6e6e,HVY,F,601 
6e6e,HVY,G,601 
6e6e,HVY,H,601 
6e6z,3MI,A,201 
6e6z,3MI,B,201 
6e70,1FL,A,201 
6e70,1FL,B,201 
6e72,3MI,A,201 
6e72,3MI,B,201 
6e73,1FL,A,201 
6e73,1FL,B,201 
6e74,3MI,A,201 
6e74,3MI,B,201 
6e77,3MI,A,201 
6e77,3MI,B,201 
6e78,1FL,A,201 
6e78,1FL,B,201 
6eix,A3F,A,601 
6ek6,90V,A,804 
6el6,B9Q,A,802 
6el7,B9T,A,802 
6el9,B9W,A,802 
6elr,BFK,A,1201 
6elr,BFK,B,1201 
6enc,BGW,A,707 
6end,BGK,A,707 
6enq,BJB,A,501 
6eor,9XH,A,901 
6eor,9XH,B,901 
6eor,9XH,C,901 
6eor,9XH,D,901 
6epv,BQT,A,1202 
6eq0,GLA,A,701 
6eq0,GLA,B,701 
6esu,6IR,A,400 
6ex8,C2K,A,301 
6ex8,C2K,B,305 
6exk,C2Q,A,301 
6exk,C2Q,B,301 
6exl,C2Q,A,301 
6exl,C2Q,B,301 
6exo,C3E,A,304 
6exo,C3E,B,303 
6exq,C2W,A,302 
6exq,C2W,B,303 
6ezp,C3E,A,301 
6f06,C7T,A,301 
6f06,C7T,B,301 
6f2l,AXY,A,501 
6f57,SAH,A,1001 
6f57,SAH,D,1001 
6fc8,D4Q,A,302 
6fcf,D58,A,301 
6fck,D4Z,A,301 
6fdi,D5T,A,514 
6fdi,D5T,B,512 
6fdi,D5T,C,513 
6fdi,D5T,D,512 
6fds,D5T,A,1002 
6fds,D5T,B,1006 
6fdw,D62,A,1001 
6fdw,D62,B,1001 
6fdx,D5Z,A,1003 
6fdx,D5Z,B,1004 
6fe3,D68,A,1003 
6fe7,D62,A,520 
6fe7,D62,B,516 
6fe7,D62,C,520 
6fe7,D62,D,517 
6fet,D68,A,517 
6fet,D68,B,514 
6fet,D68,C,515 
6fet,D68,D,520 
6ff8,GTP,A,900 
6ff8,GTP,B,900 
6ffd,D7T,A,501 
6ffk,D7Z,A,201 
6ffk,D7Z,B,201 
6ffk,D7Z,F,201 
6fft,3MI,A,201 
6fft,3MI,B,201 
6fin,DJQ,A,1009 
6fio,DJH,A,1001 
6fiq,DJW,A,1001 
6fjj,LSA,A,302 
6fnm,1N1,A,1001 
6ftm,E6Z,A,1026 
6ftm,E6Z,B,1013 
6fv9,E8H,A,1006 
6fv9,E8H,B,1004 
6fw3,E8H,A,523 
6fw3,E8H,B,517 
6fw3,E8H,C,518 
6fw3,E8H,D,518 
6fx0,E9T,A,501 
6g05,EF5,A,601 
6g05,EF5,B,601 
6g0d,LY2,A,202 
6g31,ZOL,A,401 
6g31,ZOL,B,401 
6g31,ZOL,C,401 
6g31,ZOL,D,401 
6g31,ZOL,E,401 
6g31,ZOL,F,401 
6g31,ZOL,G,401 
6g31,ZOL,H,401 
6g31,ZOL,I,401 
6g31,ZOL,J,401 
6g31,ZOL,K,401 
6g31,ZOL,L,401 
6g8f,K0I,A,1503 
6gcy,3QR,A,302 
6gdm,F3Z,A,404 
6gdq,EVK,A,407 
6ggh,EYQ,A,1201 
6ggh,EYQ,B,1201 
6gk9,F2K,A,501 
6gk9,F2K,D,501 
6gkj,MGP,A,301 
6gkj,MGP,B,301 
6gkj,MGP,C,300 
6gkj,MGP,D,300 
6glg,BU8,A,201 
6glh,BU8,A,201 
6gll,BU8,A,201 
6gll,BU8,B,201 
6glm,BU8,A,201 
6glp,BU8,A,201 
6glp,BU8,B,201 
6glq,BU8,A,201 
6glq,BU8,B,201 
6glu,BU8,A,201 
6gnj,F4W,C,501 
6gno,XDI,A,201 
6gno,XDI,B,201 
6gr9,VX6,A,401 
6gs6,EA4,A,201 
6gtt,B96,A,500 
6gw0,TUD,A,600 
6gw2,TUD,A,600 
6gw2,TUD,B,600 
6h6q,FUK,A,402 
6h6q,FUK,B,402 
6h6r,FUE,A,403 
6h7e,CMP,A,401 
6h7e,CMP,B,401 
6h8j,2PA,C,613 
6hdu,GTP,A,900 
6hdu,GTP,B,900 
6hdu,GTP,C,900 
6hdu,GTP,D,900 
6hgw,G3W,A,601 
6hh2,GDP,A,201 
6hhf,G4K,A,501 
6hi4,G5W,A,1201 
6hi7,G6B,A,1203 
6hi8,G6W,A,1202 
6hia,G7N,A,1201 
6hib,G6Z,A,1201 
6hic,G7H,A,1201 
6hie,G7Q,A,1201 
6his,TKT,A,501 
6his,TKT,B,501 
6his,TKT,C,501 
6his,TKT,D,501 
6his,TKT,E,501 
6hl1,JN3,A,501 
6hmk,7JC,A,1008 
6hmm,7JB,A,1004 
6hnw,CUE,A,401 
6hnz,GH5,A,301 
6ho0,GFK,A,301 
6hs1,GO5,B,301 
6hs2,GNZ,B,301 
6hsf,GKW,A,504 
6hsf,GKW,B,504 
6hsf,GKW,C,504 
6hsf,GKW,D,504 
6hsg,GM5,A,504 
6hsg,GM5,B,504 
6hsg,GM5,C,504 
6hsg,GM5,D,504 
6ht0,GQ8,A,210 
6hty,GRH,B,501 
6hwo,FFZ,A,513 
6hwo,FFZ,B,512 
6hwo,FFZ,C,510 
6hwo,FFZ,D,515 
6i0j,GZE,A,306 
6i0j,GZE,B,303 
6i0l,GZH,A,302 
6i0l,GZH,B,302 
6i6z,TJE,A,501 
6i6z,TJE,B,501 
6i82,H6W,A,1101 
6i82,H6W,B,1102 
6i83,H72,A,1101 
6icj,A0L,A,503 
6ie8,CHD,A,201 
6ie9,JN3,A,200 
6ig8,A7O,A,1004 
6inl,AJR,A,900 
6iop,ALA,B,501 
6ioq,GLY,A,501 
6ipn,DGT,A,502 
6iwi,B0C,A,902 
6iyk,B1U,A,601 
6iyk,B1U,B,601 
6j6j,BTN,A,5100 
6j6j,BTN,B,5100 
6j6j,BTN,C,5100 
6j6j,BTN,D,5100 
6j8i,9SR,A,2007 
6j8j,9SR,A,2007 
6j99,SAH,K,501 
6jcl,SAH,A,301 
6jcl,SAH,B,301 
6jcl,SAH,C,301 
6jcl,SAH,D,301 
6jcl,SAH,E,301 
6jcl,SAH,F,301 
6jcl,SAH,G,301 
6jcl,SAH,H,301 
6jgm,AQG,A,900 
6ji4,BOF,A,201 
6ji5,BQ0,A,201 
6jj3,BS6,A,201 
6jjb,BT0,A,201 
6jjr,BU0,A,501 
6jk9,BU0,A,501 
6jk9,BU0,B,501 
6jlr,BV9,A,401 
6jmn,BV0,A,601 
6jnr,WY5,A,501 
6jnr,WY5,B,501 
6jok,B49,A,1001 
6jol,STI,A,1001 
6jqr,C6F,A,1001 
6jrx,9JO,A,1101 
6jt4,C86,A,506 
6juu,C9R,A,401 
6jux,C9U,A,501 
6jvr,CJU,A,200 
6jwl,YY3,A,1101 
6jx4,YY3,A,1101 
6jx9,CQC,A,501 
6jxt,YY3,A,1101 
6jyq,EAU,U,301 
6k0t,CTU,A,501 
6k0t,CTU,C,501 
6k35,NGT,A,701 
6k35,NGT,B,701 
6k3n,CW6,A,501 
6k9h,D40,A,501 
6k9h,D40,B,501 
6kda,SAH,A,901 
6kda,SAH,D,901 
6kdb,SAH,A,901 
6kdb,SAH,D,901 
6kdl,SAH,A,901 
6kdl,SAH,D,901 
6kdt,SAH,A,901 
6kdt,SAH,D,901 
6kee,D7U,A,201 
6kef,D7X,A,201 
6khe,3NG,A,1000 
6khf,3NG,A,1000 
6kiv,SAH,K,4001 
6kiz,SAH,K,4001 
6kjz,MKU,A,503 
6kjz,MKU,B,503 
6kk0,M36,A,501 
6kk0,M36,B,501 
6klz,BCT,A,303 
6km0,BCT,A,303 
6km1,BCT,A,304 
6km2,BCT,A,304 
6knr,DL9,A,501 
6knr,DL9,B,501 
6kro,DU9,A,1201 
6kxx,T02,A,501 
6kxy,T06,A,501 
6kz5,E4L,B,301 
6kzv,E0F,A,301 
6kzx,E0L,A,301 
6kzz,E0R,A,301 
6l04,32I,U,301 
6l05,50I,U,301 
6l11,E2C,A,401 
6l12,E2R,A,401 
6l13,E2F,A,401 
6l14,E2L,A,401 
6l16,E2U,A,401 
6l1p,E3X,A,101 
6l1p,E3X,B,101 
6l1p,E3X,C,101 
6l1p,E3X,D,101 
6l2q,E4O,A,702 
6l2q,E4O,B,702 
6l6e,E6L,A,901 
6l6k,9HF,A,501 
6l88,E6R,A,1001 
6l88,E6R,B,1001 
6l88,E6R,C,1001 
6l88,E6R,D,1001 
6l89,E7C,A,501 
6l89,E7C,B,501 
6l96,P7F,A,501 
6l96,P7F,B,501 
6lb5,E80,A,501 
6lb5,E80,C,501 
6lb6,E8O,A,501 
6ld2,KY3,A,903 
6leg,SJ5,A,701 
6leg,SJ5,B,701 
6leg,SJ5,C,701 
6leg,SJ5,D,701 
6leh,MAN,B,6 
6leh,EAR,A,935 
6lej,CKX,A,701 
6lej,CKX,B,701 
6lg2,VNL,A,201 
6lg2,VNL,B,201 
6lgt,ED3,A,502 
6lio,EH3,A,405 
6lio,EH3,B,404 
6lip,EEL,A,303 
6liz,EEO,A,303 
6lj0,EER,A,301 
6lj1,EEX,A,303 
6lj4,EF9,A,303 
6lj5,EF0,A,402 
6lj6,EFF,A,301 
6lj7,EFR,A,301 
6lj8,EG0,A,301 
6ljs,EHR,A,201 
6ljt,EH6,A,201 
6lju,EHU,A,201 
6ljv,EHC,A,201 
6ljw,EHO,A,201 
6ljx,EHO,A,201 
6llz,UPG,A,900 
6llz,UPG,B,901 
6lob,EO0,A,601 
6lon,LLQ,A,901 
6lon,LLQ,B,901 
6lon,LLQ,C,901 
6lon,LLQ,D,901 
6lqg,EN9,B,701 
6lqg,CLR,C,502 
6lr9,EOR,A,301 
6lrc,KHM,A,601 
6lrc,KHM,B,601 
6lsz,TUH,A,301 
6lti,2GJ,A,301 
6ltk,E0G,A,301 
6lub,EUX,A,1101 
6lud,YY3,A,1101 
6lv1,BCT,A,303 
6lv2,BCT,A,304 
6lv4,BCT,A,304 
6lv6,BCT,A,305 
6lv8,BCT,A,305 
6lvk,EVC,A,801 
6lvk,EVC,B,801 
6lvl,EVL,A,802 
6lvl,EVL,B,804 
6lvm,EVR,A,801 
6lw2,EW0,A,401 
6lw2,EW0,B,401 
6lw2,EW0,C,401 
6lw2,EW0,D,401 
6lxy,EXF,A,501 
6lxy,EXF,B,502 
6lxy,EXF,D,502 
6lxy,EXF,E,502 
6lze,FHR,A,405 
6m0k,FJC,A,405 
6m1s,EZ9,A,301 
6m1s,EZ9,B,304 
6m2n,3WL,A,401 
6m2n,3WL,B,401 
6m2n,3WL,C,401 
6m2n,3WL,D,401 
6m3i,UNU,B,1101 
6m4v,RAP,B,201 
6m4v,RAP,D,201 
6m8p,P52,A,1002 
6m8p,P52,B,1002 
6m8p,P52,C,1002 
6m8p,P52,D,1003 
6m8p,P52,E,1003 
6m8p,P52,F,1003 
6m8p,P52,G,1002 
6m8p,P52,H,1003 
6m8p,P52,I,1003 
6m8p,P52,J,1002 
6m8p,P52,K,1002 
6m8p,P52,L,1003 
6m8p,P52,M,1003 
6m8p,P52,N,1003 
6m8p,P52,O,1002 
6m8p,P52,P,1002 
6m8p,P52,Q,1002 
6m8p,P52,R,1002 
6m8p,P52,S,1003 
6m8p,P52,T,1003 
6m8p,P52,U,1003 
6m8p,P52,V,1002 
6m9b,BTN,A,201 
6m9b,BTN,B,201 
6m9b,BTN,C,201 
6m9b,BTN,D,201 
6mae,JBA,A,301 
6mby,FER,A,302 
6mcz,ACD,A,501 
6mcz,ACD,B,501 
6md1,GW9,B,501 
6mon,SAH,A,504 
6mon,SAH,B,504 
6moz,JXA,A,517 
6mq6,HEM,A,501 
6mq6,H7P,B,501 
6mvh,FMN,A,802 
6mvh,FMN,B,802 
6mvh,FMN,C,802 
6mvh,FMN,D,802 
6n33,622,A,1001 
6n3g,SAH,A,501 
6n50,QUS,A,603 
6n50,QUS,B,602 
6n50,QUS,C,603 
6n51,QUS,A,903 
6n51,QUS,B,903 
6ncg,KJD,A,401 
6ncg,KJD,B,600 
6nec,XIN,A,1101 
6nec,XIN,C,1102 
6nft,KKG,A,302 
6nft,KKG,B,302 
6njs,KQV,A,701 
6no8,KUY,A,401 
6nor,NAD,A,401 
6nor,NAD,B,401 
6nor,NAD,C,401 
6nor,NAD,D,401 
6nor,NAD,E,401 
6nor,NAD,F,401 
6nsl,KZJ,A,901 
6nsl,KZJ,B,901 
6nuq,KQV,A,701 
6nw2,L4Y,A,301 
6nw2,L4Y,B,301 
6nwt,L7P,A,601 
6nwt,L7P,C,601 
6o0e,9SL,A,901 
6o0e,9SL,B,901 
6o0f,9SL,A,901 
6o0f,9SL,B,901 
6o0l,LBM,A,301 
6o0l,LBM,C,301 
6o1s,7SD,E,803 
6o52,EBW,A,601 
6o52,EBW,B,601 
6o5h,LNJ,A,701 
6o5h,LNJ,B,701 
6o5h,LNJ,C,701 
6o5i,LMY,A,601 
6o6n,5F9,A,301 
6o7y,LRM,A,301 
6o80,MGP,A,301 
6o8b,BX7,A,701 
6o8b,BX7,B,701 
6o98,L8A,A,601 
6o98,L8A,B,601 
6oak,M0M,A,1001 
6oal,M0P,A,1001 
6ob6,NBM,A,501 
6ob6,NBM,B,501 
6ob7,8DZ,A,619 
6ocj,M5A,A,601 
6ocl,M5A,A,601 
6ofd,MF1,A,517 
6ogp,MJD,A,102 
6ogq,JDV,A,103 
6ogt,JDY,A,102 
6ohk,FMN,A,201 
6ohl,FMN,A,201 
6oni,EEY,B,501 
6onj,BRL,A,501 
6ony,HWV,A,202 
6ony,HWV,B,201 
6oph,6QB,A,401 
6oql,N1A,A,4000 
6oqo,N1J,A,401 
6oqx,N1V,A,601 
6oqy,N2J,A,601 
6or1,N27,A,601 
6orv,N2V,RP,501 
6osp,N51,A,4001 
6osp,N51,B,4001 
6ova,N9G,A,1200 
6oyd,NKA,A,101 
6oyr,NJY,A,101 
6p05,YF2,A,203 
6p13,NKY,B,802 
6p38,NQV,A,4000 
6p39,NQY,A,4000 
6p3a,NQP,A,4000 
6p3a,NQP,B,4000 
6p3d,0LI,A,1001 
6p69,O21,A,804 
6p69,O21,B,804 
6p9g,O4Y,A,302 
6p9p,O5J,A,406 
6pa7,SAH,K,1001 
6pa7,SAH,P,1001 
6pbi,O6Y,A,201 
6pc9,O7P,A,201 
6pd7,OAJ,A,201 
6pdh,OAV,A,201 
6pdv,NO2,A,304 
6pdz,EEY,A,501 
6pdz,EEY,B,501 
6pet,ODY,A,601 
6pet,ODY,B,601 
6pet,G9J,C,601 
6pet,G9J,D,601 
6pfm,OGJ,A,601 
6pfm,OGJ,D,601 
6pg1,O7P,A,201 
6pg2,O6Y,A,201 
6pgr,8XY,A,401 
6pgr,8XY,B,401 
6pib,OKV,A,303 
6piq,OAV,A,201 
6piu,OL7,A,1202 
6piv,OLJ,A,1202 
6piw,OLV,A,1202 
6pix,OLY,A,1202 
6piy,OMS,A,1201 
6piz,ON4,A,1203 
6pj0,OMV,A,1301 
6pj1,GKM,A,1205 
6pj2,OM7,A,9202 
6pj3,OKY,A,303 
6pli,ONY,A,201 
6psj,29S,A,601 
6psj,29S,B,601 
6pvc,P1J,A,402 
6pvc,P1J,C,301 
6pvd,N18,A,301 
6pvd,N18,C,301 
6pws,MMA,A,303 
6pww,SAH,C,4001 
6pye,P5Y,A,801 
6pye,P5Y,B,801 
6pyf,EST,A,302 
6q0q,P8G,A,302 
6q17,P8J,A,301 
6q67,BGC,A,601 
6qba,2T1,A,201 
6qeb,AZM,A,302 
6qeh,HZQ,A,502 
6qgp,J2E,B,1009 
6qgv,J2H,A,502 
6qj5,H8R,A,501 
6qn0,J8Q,A,302 
6qn0,J8Q,B,302 
6qn0,J8Q,C,302 
6qn0,J8Q,D,302 
6qn2,J92,A,302 
6qn2,J92,B,302 
6qn2,J92,C,302 
6qn2,J92,D,302 
6qn5,J8N,A,302 
6qn5,J8N,B,302 
6qn5,J8N,C,302 
6qn5,J8N,D,302 
6qn6,J8Q,A,302 
6qn6,J8Q,B,302 
6qn6,J8Q,C,302 
6qn6,J8Q,D,302 
6qng,J95,A,302 
6qng,J95,B,302 
6qng,J95,C,302 
6qng,J95,D,302 
6qnl,J92,A,302 
6qnl,J92,B,302 
6qnl,J92,C,302 
6qnl,J92,D,302 
6qot,6SD,A,301 
6qot,6SD,B,301 
6qou,JB8,A,301 
6qou,JB8,B,301 
6qqs,JCZ,A,301 
6qqs,JCZ,B,301 
6qqy,JD2,A,301 
6qqy,JD2,B,301 
6qr5,JFH,A,301 
6qr5,JFH,B,301 
6qr6,JCK,A,301 
6qr6,JCK,B,301 
6qr8,JDH,A,301 
6qr8,JDH,B,301 
6qsw,JGT,AAA,304 
6qsw,JGT,BBB,305 
6qsw,JGT,CCC,304 
6qsx,JGN,AAA,304 
6qsx,JGN,BBB,305 
6qtg,JH8,A,501 
6qtj,JHK,A,501 
6qux,JJN,B,205 
6r19,EF2,A,202 
6r19,JON,B,202 
6r19,EF2,C,202 
6r1m,SSA,A,501 
6r1m,SSA,B,501 
6r1n,SSA,A,501 
6r3s,JRE,A,501 
6r5n,NOJ,A,802 
6r5n,NOJ,B,802 
6r6f,EA3,A,302 
6r6j,JTW,A,304 
6r6v,FUC,D,3 
6r6v,JU5,A,612 
6r6w,FUC,D,3 
6r6w,JUB,A,612 
6r6y,EA3,A,305 
6r6y,EA3,B,305 
6r6y,EA3,C,305 
6r6y,EA3,D,303 
6r71,JTW,A,303 
6r71,JTW,B,302 
6ra5,JWE,A,401 
6ra7,JWK,A,403 
6rav,JGQ,AAA,303 
6rav,JGQ,BBB,304 
6rb1,JWQ,A,406 
6rb6,JX2,A,1014 
6rb6,JX2,B,1012 
6rbc,JX5,A,817 
6rcb,JYZ,A,401 
6rcf,K0K,A,201 
6rcj,K0H,A,201 
6rcm,K0N,A,402 
6rcy,K0T,A,201 
6rd0,K0Q,A,306 
6rfe,K0Z,A,403 
6rff,K1B,A,401 
6rg1,RM4,A,407 
6rg3,K1W,A,303 
6rg4,K45,A,304 
6rhj,K4H,A,303 
6rhk,K4B,A,302 
6rir,GTP,A,201 
6rir,GTP,B,900 
6rje,K5T,A,601 
6rkq,K75,A,402 
6rkt,K7H,A,404 
6rlq,K8N,A,701 
6rly,K8T,A,307 
6rmy,V14,A,302 
6rof,V90,A,304 
6rrp,URS,A,601 
6rrp,URS,B,601 
6rti,G88,A,905 
6rvn,GDP,A,401 
6rwj,KLK,A,201 
6ryp,KNH,A,201 
6rzx,KPQ,A,302 
6s03,KPW,A,302 
6s1i,KR8,A,503 
6s1i,KR8,B,505 
6s1i,KR8,C,505 
6s1i,KR8,D,503 
6s1x,KRZ,A,820 
6s1z,KS8,A,704 
6s27,KT8,A,401 
6s41,KUB,A,701 
6s41,KUB,B,701 
6s4b,KUH,A,302 
6s70,KYB,A,501 
6s70,KYB,B,501 
6s70,KYB,C,501 
6s70,KYB,D,501 
6s71,KYE,A,501 
6s71,KYE,B,501 
6s71,KYE,C,501 
6s71,KYE,D,501 
6s74,KY8,A,501 
6s74,KY8,B,501 
6s74,KY8,C,501 
6s74,KY8,D,501 
6s77,KXW,A,501 
6s77,KXW,B,501 
6s77,KXW,C,501 
6s77,KXW,D,501 
6s79,KXW,A,501 
6s79,KXW,B,501 
6s79,KXW,C,501 
6s79,KXW,D,501 
6s7a,KY5,A,501 
6s7a,KY5,B,501 
6s7a,KY5,C,501 
6s7a,KY5,D,501 
6s7c,KY2,A,501 
6s7c,KY2,B,501 
6s7c,KY2,C,501 
6s7c,KY2,D,501 
6s7h,KYW,A,604 
6sa3,L2N,A,201 
6sah,L2W,A,201 
6sam,FUC,B,3 
6sam,FUC,E,2 
6sam,L3H,A,603 
6sb8,L45,A,201 
6sbo,L5B,A,4000 
6sbo,L5B,B,4000 
6sbq,7ML,A,1102 
6sbr,L5E,A,1102 
6sds,L8N,A,302 
6sdt,L8N,A,302 
6sfo,LBE,A,402 
6sfq,7Q1,A,304 
6sg0,FUN,A,306 
6si0,LEK,A,402 
6si0,LEK,B,402 
6si3,LEB,A,402 
6si3,LEB,B,402 
6si4,LEK,A,402 
6si4,LEK,B,402 
6sjm,LFZ,A,501 
6sk9,F9N,A,301 
6slo,LJT,C,601 
6slo,LJT,D,601 
6sm8,LKT,A,1201 
6sm8,LKT,B,1201 
6smb,LKQ,A,1201 
6smb,LKQ,B,1201 
6sp1,LQ8,A,701 
6sp4,LQK,A,701 
6sp4,LQK,B,701 
6sp4,LQK,C,701 
6sp4,LQK,D,701 
6sp4,LQK,E,701 
6sp4,LQK,F,701 
6sp7,K9B,A,306 
6sp7,K9B,E,306 
6spo,MET,A,606 
6spq,MET,A,702 
6spr,B3M,A,702 
6ssq,754,A,501 
6ssq,754,B,501 
6sti,754,A,501 
6suk,FT8,A,806 
6sv5,ATP,A,401 
6sw1,FAD,A,501 
6swm,LVW,A,302 
6swm,LVW,B,302 
6swn,LWB,AAA,202 
6swo,LWB,AAA,501 
6swq,LW5,AAA,204 
6sy3,LXW,A,303 
6syz,M1E,A,601 
6syz,M1E,B,601 
6sz1,M0W,A,601 
6sz1,M0W,B,601 
6sz7,M1Q,A,601 
6sz7,M1Q,B,601 
6sz8,M1Z,B,601 
6szl,M3E,B,604 
6szn,YZM,B,604 
6szr,M3Z,B,601 
6szt,M4Q,A,601 
6szt,M4Q,B,601 
6szx,M4K,A,601 
6szx,M4K,B,601 
6szy,M5N,B,601 
6t01,M4B,A,601 
6t01,M4B,B,601 
6t03,MZY,A,604 
6t03,MZY,B,604 
6t04,M3H,B,601 
6t06,M5H,B,601 
6t07,M45,B,601 
6t08,M5B,A,601 
6t08,M5B,B,601 
6t0a,M58,A,601 
6t0a,M58,B,601 
6t0c,M4E,A,601 
6t0c,M4E,B,601 
6t0d,M4N,A,601 
6t0d,M4N,B,601 
6t0m,GOZ,A,305 
6t0p,M6Q,A,304 
6t0x,M6W,A,601 
6t0x,M6W,B,601 
6t0z,M75,A,601 
6t0z,M75,B,601 
6t10,M6Z,A,601 
6t10,M6Z,B,601 
6t11,O2A,B,601 
6t12,M78,A,601 
6t12,M78,B,601 
6t1s,EDK,A,601 
6t1v,EDK,A,4000 
6t2w,M9T,A,1001 
6t3q,M6Q,H,306 
6t49,MH5,A,201 
6t4a,J5K,H,302 
6t4o,MJ2,A,304 
6t4p,MHK,A,305 
6t5j,MKB,A,201 
6t5j,MKB,B,201 
6t5p,VD8,A,302 
6t5p,VD8,B,302 
6t5p,VD8,C,302 
6t5p,VD8,D,302 
6t5q,MKQ,A,302 
6t5q,MKQ,B,302 
6t5q,MKQ,C,302 
6t5w,J5K,A,304 
6t5y,C8V,A,602 
6t6w,JL7,A,201 
6t6y,MQH,A,301 
6t6z,MRB,A,301 
6t70,MQZ,A,306 
6t7u,X33,A,302 
6t9z,MYW,A,302 
6tca,39G,B,401 
6tca,39G,D,401 
6tca,39G,F,401 
6tca,39G,H,401 
6tcu,N1Q,A,401 
6td2,N2K,A,603 
6td2,N2K,B,601 
6tdc,4F1,A,601 
6tdt,LXW,H,305 
6te2,N4N,A,401 
6tew,N5Q,A,401 
6tfb,N6W,A,203 
6tfb,N6W,B,202 
6tfp,N6Z,A,702 
6tfp,N6Z,B,701 
6tfp,N6Z,C,702 
6tfp,N6Z,D,701 
6tfp,N6Z,E,701 
6tfs,N7T,A,601 
6tfs,N7T,B,601 
6tfx,N72,A,601 
6tfx,N72,B,601 
6tg2,N72,A,401 
6tg2,N72,B,401 
6tg2,N72,C,401 
6tg2,N72,D,401 
6tg3,N7T,A,401 
6tg3,N7T,B,401 
6tg3,N7T,C,401 
6tg3,N7T,D,401 
6tg4,N8K,AAA,1201 
6tg4,N8K,BBB,1201 
6tgi,N8Z,A,508 
6tgi,N8Z,B,508 
6tgu,N92,A,401 
6thp,N9Q,A,806 
6thp,N9Q,B,806 
6thw,NBK,A,501 
6thw,NBK,B,501 
6thx,N9Z,A,501 
6thx,N9Z,B,501 
6thz,NB5,A,501 
6thz,NB5,B,501 
6ti8,NBW,A,501 
6ti8,NBW,B,501 
6ti8,NBW,C,501 
6ti8,NBW,D,501 
6tkm,NG5,AAA,1201 
6tkm,NG5,BBB,1201 
6tlm,MJE,A,601 
6tm9,9NW,A,401 
6tmc,NL5,A,401 
6tmn,0PI,E,317 
6tn8,5U6,A,505 
6tn9,NN5,A,901 
6tnb,8QW,A,901 
6tnc,O23,A,901 
6tnd,8RH,A,901 
6tnr,NQ2,A,4000 
6tns,NQ5,A,4000 
6tof,NQE,A,201 
6tog,NQH,A,201 
6toh,NQK,A,201 
6toi,NQN,A,201 
6toj,NQQ,A,201 
6tok,NQT,A,201 
6tol,NQW,A,201 
6tom,NQZ,A,201 
6ton,NR5,A,201 
6too,NR8,A,201 
6tpd,QZ8,A,1201 
6tpf,NTQ,A,1201 
6tpf,NTQ,B,1201 
6tpm,MK7,A,602 
6tpx,NUW,AAA,201 
6tpy,NUB,AAA,204 
6tpz,NV2,AAA,203 
6ts4,J7B,A,310 
6ts5,NW2,A,301 
6ts6,NW5,A,307 
6ts7,NWE,A,301 
6tsg,T4A,A,501 
6tt4,FT8,A,709 
6tt4,FT8,B,711 
6ttp,ADN,A,601 
6tuz,TEP,A,531 
6tv4,CFF,A,616 
6tvg,AP2,A,603 
6tvx,NYW,A,603 
6tw0,NYZ,A,603 
6twa,O02,A,603 
6twf,O05,A,604 
6tx5,4MZ,A,203 
6tx7,V1L,A,204 
6txv,TCW,A,201 
6txv,TCW,B,201 
6txw,TCW,A,201 
6txw,TCW,B,201 
6typ,PKG,A,802 
6u2h,29L,C,801 
6u2h,29L,D,801 
6u34,PQV,A,603 
6u34,PQV,B,604 
6u4q,PX7,A,302 
6u63,Q0D,A,401 
6u63,Q0D,B,401 
6u63,Q0D,C,500 
6u63,Q0D,D,500 
6u6f,PZY,A,401 
6u6f,PZY,B,401 
6u6f,PZY,C,401 
6u7c,Q1Y,A,701 
6u8p,SAH,A,902 
6u8p,SAH,D,902 
6u8v,SAH,A,901 
6u8v,SAH,D,901 
6u8w,SAH,A,901 
6u8w,SAH,D,901 
6u8x,SAH,A,902 
6u8x,SAH,D,902 
6u90,SAH,A,902 
6u90,SAH,D,902 
6u91,SAH,A,903 
6u91,SAH,D,902 
6u98,Q2D,A,301 
6u9a,Q2A,A,301 
6u9k,Q2V,A,4002 
6u9k,Q2V,B,4003 
6u9m,Q2M,A,4002 
6u9m,Q2M,B,4003 
6u9n,Q34,A,4001 
6u9n,Q34,B,4001 
6u9r,Q2P,A,4002 
6u9r,Q2P,B,4002 
6ubw,84S,A,1401 
6uc3,BTN,A,201 
6uc3,BTN,B,201 
6ucg,Q3Y,A,601 
6ucs,Q41,A,401 
6ucs,Q41,B,401 
6udc,BTN,A,5001 
6udc,BTN,B,5001 
6udc,BTN,C,5001 
6udc,BTN,D,5001 
6ue3,9H4,A,1201 
6ufb,Q64,A,304 
6ufc,Q6A,A,302 
6ufd,Q6D,A,305 
6ufx,Q6S,A,401 
6ugl,QOS,A,301 
6ugl,QOS,B,301 
6uif,Q8P,A,401 
6uif,Q8P,B,401 
6uik,Q8M,A,401 
6uik,Q8M,B,401 
6uip,Q8J,A,501 
6uip,Q8J,B,501 
6uip,Q8J,C,501 
6uj4,Q8S,A,401 
6uj4,Q8S,B,401 
6ukb,Q9V,A,601 
6ukb,Q9V,B,601 
6uku,QAV,A,401 
6uky,QBD,A,401 
6ul0,QBJ,A,401 
6ul5,QAG,A,601 
6ul9,Q9M,B,601 
6ul9,Q9M,D,601 
6ulb,QA1,A,302 
6umc,U27,D,601 
6umc,U27,A,601 
6uml,Y70,C,502 
6uns,LDN,A,501 
6uns,LDN,B,501 
6uo9,QD7,A,1001 
6uoz,QF1,A,401 
6uoz,QF1,B,401 
6upe,OGS,A,302 
6upe,OGS,B,302 
6uqd,QF4,A,501 
6uqd,QF4,B,501 
6urc,QFV,A,1001 
6urc,QFV,B,1001 
6urw,R7T,A,324 
6urx,JMG,A,316 
6ury,R6T,A,301 
6us2,S3O,A,201 
6us3,8JF,A,201 
6us4,GN6,A,201 
6usu,QGM,A,301 
6usu,GLU,B,301 
6usy,QGS,A,301 
6uvj,QJ1,A,205 
6uvk,QHY,A,301 
6uvk,QHY,B,301 
6uvk,QHY,C,301 
6uvk,QHY,D,301 
6uvm,QJA,A,201 
6uwu,QKP,A,206 
6uwx,QKD,A,202 
6uwy,QKG,A,501 
6uwy,QKG,B,501 
6uwy,QKG,C,501 
6uwy,QKG,D,501 
6ux9,UHJ,A,4000 
6ux9,UHJ,B,4000 
6uxx,QL1,A,701 
6uxy,QKY,A,701 
6uya,QL7,A,501 
6uya,QL7,B,502 
6uya,QL7,C,501 
6uya,QL7,D,501 
6uyb,QSJ,A,602 
6uyb,QSJ,B,602 
6uyc,QLV,A,501 
6uyc,QLV,B,502 
6uzu,6LU,A,302 
6v0n,SFG,A,701 
6v0o,SFG,A,701 
6v0q,EAE,A,305 
6v0q,EAE,B,301 
6v0q,EAE,C,302 
6v0q,EAE,D,302 
6v0s,EAE,A,301 
6v0s,EAE,B,301 
6v0u,BMF,A,201 
6v0x,B49,A,301 
6v14,QMG,A,301 
6v17,H1B,A,302 
6v17,H1B,B,301 
6v1b,H1B,A,302 
6v1b,H1B,B,301 
6v1e,5SW,A,301 
6v1f,5U6,A,301 
6v1h,BMF,A,301 
6v1k,5SW,A,201 
6v1l,5U6,A,201 
6v1u,QMG,A,201 
6v2u,P06,A,801 
6v2u,P06,B,801 
6v4c,ADP,A,301 
6v52,QPV,A,501 
6v52,QPV,B,501 
6v5n,QP7,A,1101 
6v5n,QP7,B,1101 
6v5n,QP7,C,1101 
6v5n,QP7,D,1101 
6v6k,QQJ,A,1202 
6v6k,QQJ,B,1202 
6v6k,QQJ,C,1202 
6v6k,QQJ,D,1202 
6v6k,QQJ,E,1202 
6v6k,QQJ,F,1202 
6v6k,QQJ,G,1202 
6v6k,QQJ,H,1202 
6v6l,QQA,A,501 
6v6o,QQM,A,1202 
6v6o,QQM,B,1202 
6v6o,QQM,C,1202 
6v6o,QQM,D,1202 
6v6o,QQM,E,1202 
6v6o,QQM,F,1202 
6v6o,QQM,G,1301 
6v6o,QQM,H,1202 
6v6z,Q5Y,A,703 
6v6z,Q5Y,B,707 
6v6z,Q5Y,C,706 
6v6z,Q5Y,D,704 
6v7a,QQG,A,804 
6v7c,QR1,A,403 
6v7c,QR1,B,403 
6v7c,QR1,C,403 
6v7c,QR1,D,403 
6v7c,QR1,E,403 
6v7c,QR1,F,403 
6v7d,QR4,A,1003 
6v7d,QR4,B,1003 
6v7d,QR4,C,1003 
6v7d,QR4,D,1003 
6v7d,QR4,E,1003 
6v7d,QR4,F,1003 
6v7e,QRA,A,1003 
6v7e,QRA,B,1003 
6v7e,QRA,C,1003 
6v7e,QRA,D,1003 
6v7e,QRA,E,1003 
6v7e,QRA,F,1003 
6v7f,QRJ,A,1003 
6v7f,QRJ,B,1003 
6v7f,QRJ,C,1003 
6v7f,QRJ,D,1003 
6v7f,QRJ,E,1003 
6v7f,QRJ,F,1003 
6v7w,OHN,B,301 
6v7w,OHN,E,301 
6v7x,OHN,B,301 
6v87,OHT,A,601 
6v87,OHT,B,601 
6v8b,QRY,A,1701 
6v8n,QS1,A,1704 
6v8t,C6V,A,601 
6v8t,C6V,B,601 
6v90,QSD,A,1701 
6v94,GNP,A,201 
6v94,QTV,B,2001 
6v95,QSG,A,301 
6v95,QSG,B,301 
6v95,QSG,C,301 
6v95,QSG,D,301 
6v9c,QS7,A,801 
6v9f,GNP,A,201 
6v9f,QTS,B,2001 
6v9j,GNP,A,201 
6v9j,QTM,B,2001 
6v9l,GNP,A,201 
6v9l,QTJ,B,2001 
6v9m,GNP,A,201 
6v9m,QTG,B,2001 
6v9n,GNP,A,201 
6v9n,QTD,B,2001 
6vav,QTY,A,301 
6vav,QTY,B,301 
6vav,QTY,C,301 
6vav,QTY,D,301 
6vaw,S3W,A,301 
6vaw,S3W,B,301 
6vaw,S3W,C,301 
6vaw,S3W,D,301 
6vc2,QU7,A,601 
6vc3,QWJ,A,301 
6vc3,QWJ,B,301 
6vc3,QWJ,D,301 
6vc4,QWG,A,301 
6vc4,QWG,B,301 
6vc4,QWG,C,301 
6vc4,QWG,D,301 
6vcl,0O2,B,209 
6vcq,GTP,A,201 
6vgf,WA3,A,301 
6vgf,WA3,B,301 
6vgf,WA3,C,301 
6vgf,WA3,D,301 
6vgh,C3D,A,601 
6vgh,C3D,B,601 
6vgl,RXT,A,1201 
6vgl,RXT,B,1201 
6vgl,RXT,C,1201 
6vgl,RXT,D,1201 
6vh4,QQM,A,1101 
6vh6,QX4,B,701 
6vhg,QX1,A,1101 
6vhn,QQJ,A,1101 
6vhw,R2V,A,501 
6vhw,R2V,B,501 
6vhx,QXG,A,501 
6vhx,QXG,B,502 
6vhz,QXP,A,501 
6vhz,QXP,B,501 
6vif,QY4,A,601 
6vim,PBC,A,402 
6vim,PBC,B,402 
6vim,PBC,C,402 
6vim,PBC,D,402 
6vim,PBC,E,402 
6vim,PBC,F,402 
6vim,PBC,G,402 
6vim,PBC,H,402 
6viw,QYV,A,201 
6viw,QYV,B,201 
6viw,QYV,C,201 
6viy,QYY,A,501 
6viz,QYY,A,201 
6viz,QYY,B,201 
6viz,QYY,C,201 
6vj3,QYA,A,302 
6vjd,C3D,A,601 
6vjd,C3D,B,601 
6vjd,C3D,C,601 
6vjd,C3D,D,601 
6vjk,BTN,A,300 
6vjk,BTN,B,300 
6vjk,BTN,C,300 
6vjk,BTN,D,300 
6vjk,BTN,E,401 
6vjk,BTN,F,300 
6vjk,BTN,G,401 
6vjk,BTN,H,300 
6vjk,BTN,I,401 
6vjk,BTN,J,300 
6vjk,BTN,K,401 
6vjk,BTN,L,300 
6vjl,BTN,A,400 
6vkk,RPB,A,1101 
6vkk,RPB,B,1202 
6vkk,RPB,C,1101 
6vkk,RPB,D,1101 
6vlu,R2Y,A,702 
6vlv,R3A,A,703 
6vly,NAI,A,302 
6vly,NAI,B,304 
6vly,NAI,C,303 
6vly,NAI,D,303 
6vn2,R44,A,601 
6vn2,R44,B,601 
6vn3,R3Y,A,601 
6vn3,R3Y,B,601 
6vn4,R4D,A,601 
6vn4,R4D,B,601 
6vn5,R41,A,601 
6vn5,R41,B,601 
6vn8,3JW,A,1201 
6vn8,3JW,B,1201 
6vne,2TA,A,1201 
6vne,2TA,B,1201 
6vnk,RXT,A,1201 
6vnk,RXT,B,1201 
6vnk,RXT,C,1201 
6vnk,RXT,D,1201 
6vns,R5D,A,4000 
6vnv,R4Y,A,4000 
6vnx,R4V,A,4000 
6vny,R4S,A,4000 
6vov,R6D,A,701 
6vov,R6D,B,701 
6vqf,R7V,A,601 
6vql,R7S,A,501 
6vql,R7S,B,501 
6vql,R7S,C,501 
6vql,R7S,D,501 
6vre,RFG,A,1002 
6vre,RFG,B,1001 
6vrh,8PR,A,702 
6vsn,RG4,A,1201 
6vsn,RG4,B,1201 
6vsn,RG4,C,1201 
6vsn,RG4,D,1201 
6vsw,RG7,A,501 
6vsw,RG7,B,501 
6vub,RLG,A,201 
6vuc,RLS,A,201 
6vue,RP7,A,902 
6vue,RP7,B,902 
6vuf,RLV,A,201 
6vuf,RLV,B,201 
6vuj,RLY,A,202 
6vur,ROG,A,501 
6vux,H66,A,501 
6vv1,RMJ,A,501 
6vv3,RM7,A,501 
6vwc,RQ7,A,301 
6vwc,RQ7,B,301 
6vxq,RQS,A,702 
6vzl,EDK,A,501 
6vzl,EDK,B,501 
6w06,S5M,A,1103 
6w07,S9A,A,901 
6w0n,RYS,A,301 
6w0n,RYS,B,301 
6w0x,S6J,A,301 
6w0x,S6J,B,301 
6w0z,S6D,A,301 
6w0z,S6D,B,301 
6w2j,374,A,1601 
6w2j,374,B,1601 
6w3o,SKG,A,301 
6w3o,SKG,B,301 
6w3p,SKJ,A,301 
6w3p,SKJ,B,301 
6w3r,I2M,A,301 
6w3r,I2M,B,301 
6w3t,NVA,A,301 
6w3t,NVA,B,301 
6w4g,SL4,A,601 
6w4g,SL4,B,601 
6w4z,SZS,A,201 
6w4z,SZS,B,201 
6w50,SWP,A,301 
6w79,X77,A,402 
6w8l,R4S,A,1201 
6wbq,N9W,A,701 
6wco,X47,A,403 
6wdv,TWM,A,701 
6wdw,TWV,A,701 
6we2,XBA,A,1901 
6we2,XBA,B,1901 
6we3,TZ7,A,1901 
6we3,TZ7,B,1901 
6wf3,COA,G,101 
6wf3,COA,H,101 
6wf3,COA,I,101 
6wf3,COA,J,101 
6wf3,COA,K,101 
6wf3,COA,L,101 
6wgx,U0D,A,202 
6wgx,U0D,B,202 
6whu,QGM,A,1001 
6whu,QGP,B,901 
6whu,QGM,C,1001 
6whu,QGP,D,901 
6whv,QGP,B,901 
6whv,QGM,C,1001 
6whv,QGP,D,901 
6why,QGM,A,1001 
6why,QGM,C,1001 
6wi0,QGM,A,1001 
6wi0,QGM,C,1001 
6wiw,I14,A,601 
6wiw,I14,B,601 
6wjy,U41,A,501 
6wjy,U41,B,501 
6wka,U4V,A,302 
6wkr,SAH,C,801 
6wny,U64,A,501 
6woj,APR,A,201 
6woj,APR,B,201 
6woj,APR,C,201 
6woj,APR,D,201 
6wq4,U7A,A,303 
6wq5,U7G,A,303 
6wq7,U6V,A,303 
6wq9,U7J,A,303 
6wtj,K36,A,401 
6wtn,RXT,A,1204 
6wto,3JW,A,1203 
6wtt,K36,A,401 
6wtt,K36,B,401 
6wtt,B1S,C,401 
6x0t,UJ7,A,701 
6x0t,UJ7,B,701 
6x0t,UJ7,C,701 
6x1a,UK4,R,501 
6x28,ULG,A,401 
6x3r,ZXX,A,400 
6x3y,UMM,A,600 
6x4m,UMM,A,400 
6x4n,UOD,A,400 
6x4o,UO7,A,400 
6x4p,UOG,A,400 
6x4q,UOJ,A,400 
6x5h,GDP,A,601 
6x5h,GDP,B,601 
6x5h,GDP,C,601 
6x5l,UQG,A,301 
6x5p,UQD,A,301 
6x7b,ZVP,A,201 
6x7b,ZVP,B,201 
6x7d,UT4,A,201 
6x7d,UT4,B,201 
6x8e,UWP,A,4000 
6x8e,UWP,B,4001 
6x8f,UWP,A,4001 
6x8f,UWP,C,4000 
6x8g,UWM,A,4000 
6x9i,SAH,A,1701 
6x9j,X52,D,101 
6xd3,V0G,J,401 
6xdm,V1D,A,411 
6xdm,V1D,B,408 
6xdm,V1D,C,410 
6xe4,V1G,A,701 
6xfp,V1Y,A,801 
6xhm,V2M,A,9001 
6xhm,V2M,B,9001 
6xj8,8YF,A,301 
6xmk,QYS,A,401 
6xmk,QYS,B,401 
6xox,V6G,R,501 
6xr3,V7G,A,401 
6xrl,V7Y,A,1101 
6xta,O0Z,A,612 
6xtk,TCW,A,201 
6xtk,TCW,B,201 
6xuh,PA5,A,600 
6xuh,O1B,B,600 
6xuh,PA5,C,600 
6xuh,O1B,D,600 
6xuq,O1T,A,604 
6xva,O2K,A,1001 
6xva,O2K,B,1001 
6xvk,O3E,A,1201 
6xvp,D0Z,A,802 
6xvw,O3H,A,1111 
6xvw,O3H,B,1105 
6xxt,O42,X,302 
6xya,MGP,B,1901 
6xze,O4Z,A,302 
6xze,O4Z,B,302 
6xzh,VDX,A,4001 
6xzi,VDX,A,501 
6xzj,VDX,A,501 
6xzk,VDX,A,501 
6xzo,O55,A,302 
6xzo,O55,B,302 
6xzs,O5K,A,302 
6xzs,O5K,B,302 
6xzv,VDX,A,501 
6xzx,O5H,A,302 
6xzx,O5H,B,302 
6xzy,O5N,A,302 
6xzy,O5N,B,302 
6y00,O5T,A,302 
6y00,O5T,B,302 
6y0f,356,A,806 
6y0f,356,B,809 
6y0f,356,C,806 
6y0f,356,D,808 
6y2f,O6K,A,502 
6y2g,O6K,A,402 
6y2g,O6K,B,401 
6y55,O9Q,A,901 
6y5c,O9T,A,901 
6y5m,MAN,B,6 
6y5m,O9W,A,913 
6y5o,O9Z,A,901 
6y7l,QMG,A,301 
6y8n,OGH,A,401 
6y8n,OGH,B,401 
6y9r,OH8,A,401 
6y9s,OHK,A,401 
6y9s,OHK,B,401 
6ya5,LU2,A,203 
6ya6,0SX,A,601 
6yb4,OJH,AAA,1206 
6ybg,OJT,A,401 
6ybg,OJT,B,401 
6yd9,ON2,A,301 
6ydx,ONN,A,1101 
6ydx,ONN,B,1101 
6ydz,4BW,A,401 
6yem,OOH,A,205 
6yh4,V13,A,302 
6yh5,E1F,A,302 
6yhb,V50,A,302 
6yi8,FGF,A,801 
6yi8,FGF,B,801 
6yid,EDJ,A,301 
6yid,EDJ,B,301 
6yid,EDJ,C,301 
6yid,EDJ,D,301 
6yjc,OSZ,A,401 
6yjm,OU5,A,505 
6yjm,OU5,B,505 
6yk2,CGW,A,309 
6yk3,PVQ,A,309 
6yk4,CG8,A,310 
6yk5,PVK,A,312 
6yk6,OUB,A,311 
6ykk,OVK,A,1101 
6ykl,OVH,A,1101 
6yko,OW5,A,1101 
6ykq,OVW,A,1101 
6yks,OVT,A,1201 
6ykt,OVN,A,901 
6yku,OVB,A,1102 
6ykv,OVQ,A,901 
6ykw,OVZ,A,1103 
6ykx,OW2,A,1101 
6yl4,OWW,A,601 
6yma,AZM,A,302 
6yo3,P3K,A,202 
6yo3,P3K,C,202 
6yoj,P4N,A,701 
6ypg,N5Q,A,401 
6yph,N5Q,A,401 
6yph,N5Q,B,401 
6ypj,P5W,A,402 
6ypw,P75,A,302 
6yqn,P8T,A,203 
6yqo,P8Q,A,204 
6yqp,P8N,A,204 
6yqq,PRP,A,403 
6yqr,P8W,AAA,201 
6yqs,P8Z,AAA,201 
6yqw,82I,A,201 
6yqz,P8W,A,201 
6yri,DHC,A,302 
6yrp,PJB,A,404 
6ysk,PJK,A,508 
6yt1,PK5,A,301 
6yt1,PK5,B,301 
6yta,IYZ,A,702 
6ytd,EAE,A,501 
6yte,EAE,C,501 
6ytw,EAE,A,512 
6ytw,EAE,B,512 
6yty,EAE,A,502 
6yuw,PQZ,A,503 
6yuy,PQH,A,518 
6yv0,PQT,A,506 
6yv2,PUE,A,502 
6yv4,PQK,A,501 
6yvy,P1E,A,701 
6yvy,P1E,B,701 
6yvy,P1E,C,802 
6yvy,P1E,D,701 
6yw2,UN9,A,502 
6yxi,PZ8,A,1501 
6yzq,Q3Q,A,302 
6yzr,Q3W,A,302 
6yzs,Q3N,A,302 
6yzt,Q3E,A,302 
6yzv,Q2Z,A,302 
6yzw,Q3K,A,302 
6yzx,Q3H,A,302 
6z15,2BA,A,401 
6z45,Q6E,A,401 
6z4q,Q6N,AAA,4000 
6z4s,Q6Q,AAA,4000 
6z6a,Q9E,A,701 
6z84,QB8,AAA,406 
6z84,QB8,BBB,402 
6z9b,QCQ,A,604 
6z9d,QDH,A,604 
6za4,M83,A,501 
6za4,M83,B,501 
6za4,M83,C,501 
6za4,M83,D,501 
6zb0,QCW,AAA,502 
6zb1,QCZ,AAA,503 
6zb2,QD5,AAA,504 
6zb3,QCZ,AAA,204 
6zci,QFN,A,201 
6ze8,QGB,A,401 
6ze8,QGB,B,401 
6ze8,QGB,C,401 
6ze8,QGB,D,401 
6ze8,QGB,E,401 
6ze8,QGB,F,401 
6zin,Q6Q,AAA,1000 
6zjd,ATP,A,301 
6zln,PKB,A,503 
6zly,QMH,A,501 
6znd,QMZ,A,1003 
6znd,QMZ,B,1003 
6zpd,VIV,A,301 
6zqs,3FF,A,400 
6zqz,QOQ,A,1003 
6zqz,QOQ,B,1003 
6zqz,QOQ,C,1003 
6zqz,QOQ,D,1003 
6zr8,QOZ,A,302 
6zr9,QOZ,A,302 
6zsi,GNP,A,201 
6zsi,GNP,B,201 
6zsj,GNP,A,201 
6zsj,GNP,B,201 
6zug,QPW,H,1001 
6zuh,N6H,H,1001 
6zun,QQ5,H,1001 
6zuu,QQN,H,1001 
6zuv,B1J,A,511 
6zuw,QQK,H,1001 
6zux,QQE,H,1001 
6zv7,QQW,H,302 
6zv8,QQT,H,1001 
6zvl,QR2,A,509 
6zwp,OE8,A,401 
6zwr,OEB,A,401 
6zy5,EVP,D,101 
6zy5,EVP,F,101 
6zy6,EVP,F,101 
6zy6,EVP,D,101 
6zy7,EVP,D,101 
6zy7,ANP,A,1601 
6zy7,ANP,B,1601 
6zy7,EVP,F,101 
6zy8,ANP,A,1601 
6zy8,EVP,F,101 
6zy8,ANP,B,1601 
6zy8,EVP,D,101 
7a0p,QTW,A,1205 
7a12,QVK,A,510 
7a14,QVB,A,508 
7a15,QV5,A,508 
7a16,HZE,A,508 
7a1b,QXW,A,401 
7a1z,QWN,A,401 
7a22,QWW,A,402 
7a28,QWT,A,1001 
7a28,QWT,B,1001 
7a2f,QWZ,B,1007 
7a49,QWN,A,401 
7a49,QWN,B,401 
7a4b,QXW,A,402 
7a4b,QXW,B,402 
7a4c,QWW,A,401 
7a4c,QWW,B,401 
7a54,DAN,A,801 
7a54,DAN,B,801 
7a7g,TK9,A,601 
7a7g,TK9,B,601 
7a7h,TK9,A,501 
7aac,78P,A,1101 
7aac,78P,B,1101 
7aad,09L,A,1101 
7aad,09L,B,1101 
7aaz,R6K,A,901 
7ab2,R6N,A,901 
7abu,R6Q,A,401 
7acu,R75,A,201 
7acu,R75,B,201 
7aem,6GY,A,1101 
7afw,R9Q,A,401 
7aga,LZE,A,401 
7ahj,570,A,501 
7ajy,RKZ,A,501 
7ajy,RKZ,B,501 
7amd,RMW,A,701 
7aos,LG2,A,501 
7aos,EQN,B,501 
7ap6,RQN,A,401 
7apo,EQN,A,501 
7apo,EQN,B,501 
7aqf,RV2,A,401 
7aqg,RV2,A,401 
7aqi,QEL,A,401 
7at8,SAH,A,1008 
7auv,RYW,A,405 
7avq,S1Z,A,801 
7awc,BRL,A,501 
7axh,27J,A,504 
7axm,93J,A,502 
7b1e,SKW,A,501 
7b1p,SL8,A,501 
7b1q,SLK,A,501 
7b30,59T,A,401 
7b36,59T,A,703 
7b36,59T,C,502 
7b3e,MYC,A,407 
7b3e,MYC,B,606 
7b5o,I74,J,401 
7b5q,I74,J,401 
7bk4,LG2,A,501 
7bk4,LG2,C,501 
7bmg,U3Z,A,204 
7bpz,PEM,A,501 
7bpz,PEM,C,501 
7bq3,2VN,A,501 
7bqu,EF2,A,501 
7bqv,F4U,A,501 
7bwd,SAH,K,501 
7byw,FUC,A,202 
7byw,FUC,B,202 
7bz2,H98,R,401 
7c04,FEU,A,301 
7c2i,SAM,A,301 
7c2v,FJ0,A,2001 
7c2v,FJ0,B,2001 
7c2v,FJ0,C,2001 
7c2v,FJ0,D,2001 
7c34,BER,A,501 
7c34,BER,B,501 
7c3n,FHX,A,9000 
7c3y,NUT,A,202 
7c4s,S1P,A,1001 
7c4s,S1P,B,401 
7c6u,K36,A,401 
7c7n,FKR,A,301 
7c7o,FKU,A,301 
7c8u,K36,A,401 
7ca8,FNO,A,301 
7cbg,FQL,A,701 
7cbg,FQL,B,701 
7cbq,A9L,A,511 
7cbq,A9L,B,507 
7cbt,K36,A,401 
7cbt,K36,B,401 
7ci4,FXU,A,1300 
7ci4,FXU,B,1300 
7ci5,FXX,A,301 
7ci5,FXX,B,301 
7ci5,FXX,C,301 
7ci5,FXX,D,301 
7ci7,FY9,A,1300 
7ci9,FYL,A,1300 
7cic,FZ0,A,301 
7cic,FZ0,B,301 
7cid,FZ3,A,301 
7cie,FZ6,A,301 
7cie,FZ6,B,301 
7cjm,TTT,B,401 
7cmd,TTT,A,601 
7cmd,TTT,B,502 
7cmd,TTT,C,601 
7cmd,TTT,D,601 
7cmw,DS9,A,1101 
7cmw,DS9,B,1101 
7cr1,GB9,A,801 
7cr1,GB9,B,801 
7cr1,GB9,C,801 
7cr1,GB9,D,801 
7cr2,FBX,D,801 
7cr2,FBX,A,801 
7cr2,FBX,B,801 
7cr2,FBX,C,801 
7cr4,GB9,A,1001 
7cr4,GB9,B,1001 
7cr4,GB9,D,1001 
7cr4,GB9,F,1001 
7cx2,P2E,R,401 
7d1m,K36,A,401 
7d1m,K36,B,401 
7d42,GWF,A,501 
7d5l,GXO,A,402 
7d5l,GXO,B,402 
7d5l,GXO,D,402 
7d5l,GXO,E,402 
7d7m,P2E,A,401 
7d7u,8BR,A,601 
7d7u,8BR,B,601 
7d7u,8BR,C,601 
7dcz,H3C,A,406 
7dfl,HSM,R,900 
7dge,QUS,A,901 
7dhi,68H,R,401 
7dhr,5FW,R,601 
7dmc,H9F,A,301 
7dpp,MYC,A,401 
7dsx,HG0,A,604 
7dsx,HG0,B,1003 
7du9,Q4J,A,1101 
7du9,Q4J,B,1101 
7dua,HJ0,A,1101 
7dua,HJ0,B,1101 
7e5f,S44,A,501 
7efc,BTN,A,5100 
7efd,BTN,A,5100 
7eg0,J33,A,1201 
7eg0,J33,C,1201 
7eo2,J89,A,401 
7eo4,J8C,A,401 
7epb,40F,A,901 
7epb,40F,B,901 
7ew1,J8C,A,401 
7ew2,J89,R,401 
7ew3,S1P,R,401 
7ew4,JF9,R,401 
7f3g,RXT,A,701 
7f3g,RXT,B,701 
7f3m,GX3,A,801 
7f58,1I8,R,601 
7fd8,QUS,A,902 
7fd8,QUS,B,902 
7fd9,Z99,A,902 
7fd9,Z99,B,902 
7jhd,V9J,A,601 
7jhd,V9J,B,601 
7jir,TTT,A,501 
7jis,VBS,A,1101 
7jkv,V7G,A,401 
7jkv,V7G,B,401 
7jnr,VFG,A,302 
7jnt,VFA,A,501 
7jnt,VFA,B,501 
7jnt,VFA,C,501 
7jnt,VFA,D,501 
7jnt,VFA,E,501 
7jnt,VFA,F,501 
7jnt,VFA,G,501 
7jnt,VFA,H,501 
7jnx,VGS,A,303 
7jnz,VGV,A,303 
7jo0,VFG,A,302 
7jo2,VFM,A,302 
7jo3,VGS,A,302 
7job,VGV,A,302 
7joc,ARZ,A,302 
7jou,VFS,A,4000 
7jov,VFS,A,502 
7jov,VFS,B,501 
7jov,VFS,C,501 
7jov,VFS,D,501 
7jov,VFS,E,501 
7jov,VFS,F,502 
7jov,VFS,G,501 
7jov,VFS,H,501 
7jqg,EDK,A,501 
7jqg,EDK,B,501 
7jrn,TTT,A,401 
7jrn,TTT,J,401 
7jsj,X3M,A,602 
7jsj,X3M,B,602 
7ju5,Q4J,A,1101 
7ju5,Q4J,B,1101 
7ju6,Q6G,A,1101 
7ju6,Q6G,B,1101 
7jup,VKM,A,1101 
7jup,VKM,B,1101 
7jup,VKM,C,1101 
7jup,VKM,D,1101 
7jv8,VPD,A,604 
7jv8,VPD,B,604 
7jv8,VPD,C,604 
7jv8,VPD,D,604 
7jvm,VKS,A,601 
7jvm,VKS,B,601 
7jvn,VKP,A,601 
7jvn,VKP,B,601 
7jwe,VL1,A,1201 
7jws,VLY,A,602 
7jwt,VM4,A,602 
7jwv,VMJ,A,602 
7jww,VMG,A,602 
7jwz,V7Y,A,1201 
7jx0,VLV,A,1201 
7jxl,VO7,A,1101 
7jxl,VO7,B,1101 
7jxl,VO7,C,1101 
7jxl,VO7,D,1101 
7k0e,K36,A,401 
7k0e,K36,B,402 
7k0u,R78,A,1701 
7k0u,R78,B,1702 
7k1p,BMF,A,1701 
7k4q,6NT,A,401 
7k4q,6NT,B,401 
7k4x,6NT,A,401 
7k4x,6NT,B,401 
7k6h,4WG,A,201 
7k6j,VYY,A,302 
7k6k,VZ1,A,303 
7k6n,VY4,A,9001 
7k6o,VY1,A,9001 
7k71,VYP,A,9001 
7kbg,WBA,A,411 
7kbg,WBA,B,409 
7kbg,WBA,C,412 
7kbs,RAL,A,601 
7kbs,RAL,B,601 
7kc5,BJZ,A,402 
7kc5,BJZ,C,402 
7kc6,803,A,401 
7kdo,H73,A,201 
7kdr,J1L,A,201 
7khg,P31,A,1001 
7kjs,WG1,A,301 
7kk3,2YQ,A,9001 
7kk3,2YQ,B,9001 
7kk3,2YQ,C,9001 
7kk3,2YQ,D,9001 
7kk4,09L,A,9001 
7kk4,09L,B,9001 
7kk5,3JD,A,9001 
7kk5,3JD,B,9001 
7kk5,3JD,C,9001 
7kk5,3JD,D,1103 
7kk6,78P,A,9001 
7kk6,78P,B,9001 
7kko,09L,A,1402 
7kko,09L,B,1402 
7kko,09L,C,1402 
7kkp,3JD,A,1402 
7kkp,3JD,B,1402 
7kkq,78P,A,9001 
7kkq,78P,B,9001 
7kkq,78P,C,9001 
7kkq,78P,D,9001 
7kqj,Z8G,A,4000 
7krj,ATP,A,801 
7krj,ATP,B,801 
7krj,DEX,D,801 
7kx6,X7Y,A,701 
7kx6,X7Y,B,701 
7kx8,X8J,A,701 
7kx8,X8J,B,701 
7kxw,XBD,A,701 
7kxw,XBD,B,701 
7l0d,0EN,A,401 
7l11,XF1,A,400 
7l11,XF1,B,400 
7l14,XFD,A,400 
7l14,XFD,B,400 
7l28,XKG,A,1101 
7l28,XKG,B,1101 
7l28,XKG,C,1101 
7l28,XKG,D,1101 
7l2m,6EU,A,901 
7l2m,6EU,B,901 
7l2m,6EU,C,901 
7l2m,6EU,D,901 
7l2o,6EU,A,901 
7l2o,6EU,B,901 
7l2o,6EU,C,901 
7l2o,6EU,D,901 
7l2v,6EU,A,901 
7l2v,6EU,B,901 
7l2v,6EU,C,901 
7l2v,6EU,D,901 
7l6d,BMF,A,501 
7l6x,G9V,A,1701 
7l9y,XRM,A,1901 
7l9y,XRM,B,1901 
7l9y,XRM,C,1901 
7l9y,XRM,D,1901 
7lci,UK4,R,501 
7lcj,UK4,R,501 
7lck,UK4,R,501 
7lel,BMF,A,401 
7lel,BMF,B,401 
7lel,BMF,C,401 
7lel,BMF,D,401 
7lh7,XZM,A,4000 
7lh7,XZM,B,4000 
7llz,Y61,A,401 
7llz,Y61,B,401 
7lmd,Y6A,A,401 
7lme,Y6J,A,401 
7lme,Y6J,B,401 
7lmf,Y6G,A,401 
7lmf,Y6G,B,401 
7los,Y97,A,403 
7los,Y97,B,404 
7ltn,YCV,A,401 
7ltz,YDA,A,701 
7luf,YE4,C,1201 
7luf,YE4,E,1201 
7lun,YFG,A,1901 
7lun,YFG,B,1901 
7lun,YFG,C,1901 
7lun,YFG,D,1901 
7lun,YFG,E,1901 
7lun,YFG,F,1901 
7lun,YFG,G,1901 
7lun,YFG,H,1901 
7m16,YNS,A,201 
7m3j,YP1,A,901 
7m3j,YP1,B,901 
7m8m,YSG,A,401 
7m8p,YSJ,A,401 
7m91,YU4,A,401 
7mbo,YXG,A,302 
7mlf,C7A,A,401 
7mm1,OTA,A,401 
7mon,ZL1,A,501 
7mon,ZL1,B,401 
7mtq,Z99,A,902 
7mtq,Z99,B,901 
7mx7,ZR1,A,701 
7mxa,ZR4,A,701 
7mxg,ZR4,A,701 
7mxg,ZR4,C,701 
7mxn,ZR1,A,701 
7myo,1LT,A,1101 
7myu,ZR7,A,401 
7myu,ZR7,B,401 
7mz7,6EU,A,901 
7mz7,6EU,B,901 
7mz7,6EU,C,901 
7mz7,6EU,D,901 
7mz9,6EU,A,901 
7mz9,XJ7,B,801 
7mz9,XJ7,C,801 
7mz9,XJ7,D,801 
7mza,XJ7,A,801 
7mza,XJ7,B,801 
7mza,6EU,C,901 
7mza,6EU,D,901 
7mzb,XJ7,A,801 
7mzb,6EU,B,901 
7mzb,6EU,C,901 
7mzb,6EU,D,901 
7mzd,6EU,A,901 
7mzd,6EU,B,901 
7mzd,6EU,C,901 
7mzd,6EU,D,901 
7mze,XJ7,A,801 
7mze,6EU,B,901 
7mze,XJ7,C,801 
7mze,6EU,D,901 
7n44,06I,A,401 
7n7x,0RI,AAA,401 
7na2,1I0,A,201 
7na2,1I0,B,201 
7nb4,U6Q,A,401 
7nc4,U7Z,A,302 
7ndo,RAL,A,601 
7ndo,RAL,B,601 
7nel,EST,A,601 
7nel,EST,B,601 
7nfb,GEN,A,601 
7nfb,GEN,B,601 
7ng7,UCW,A,602 
7ni4,UGK,A,3202 
7ni4,UGK,B,3202 
7ni5,UF8,A,3101 
7ni5,UF8,B,3101 
7nns,C87,B,507 
7nqq,UMN,A,406 
7nqw,UNW,A,405 
7o7k,6ZV,A,803 
7o7k,6ZV,B,504 
7orf,0G3,A,501 
7otm,2R4,A,6101 
7oty,1IX,A,6101 
7r7l,3ED,A,601 
7r7l,3ED,B,601 
7rbz,4IJ,A,401 
7rc0,4I9,A,401 
7s3k,Z26,A,401 
7s3s,860,A,401 
7slv,9TC,A,502 
7slx,9SS,A,502 
7sly,9S5,A,502 
7svr,VX8,A,1501 
7tob,K36,A,401 
7vkn,7GI,A,801 
7vko,7GI,A,801 
7vsi,7R3,A,703 
7wf7,S1P,A,401 
8icj,TTP,A,338 
8ico,AZT,A,338 
8icw,TTP,A,338 
8icx,TTP,A,338 
8icy,TTP,A,338 
9icu,TTP,A,338 
